minbound,shape,unit
-40,31,5
-100,18,5
0,8,5

IX,IY,IZ,value
0,0,0,0
0,0,1,0
0,0,2,0
0,0,3,0
0,0,4,0
0,0,5,0
0,0,6,0
0,0,7,0
0,1,0,0
0,1,1,0
0,1,2,0
0,1,3,0
0,1,4,0
0,1,5,0
0,1,6,0
0,1,7,0
0,2,0,0
0,2,1,0
0,2,2,0
0,2,3,0
0,2,4,0
0,2,5,0
0,2,6,0
0,2,7,0
0,3,0,0
0,3,1,0
0,3,2,0
0,3,3,0
0,3,4,0
0,3,5,0
0,3,6,0
0,3,7,0
0,4,0,0
0,4,1,0
0,4,2,0
0,4,3,0
0,4,4,0
0,4,5,0
0,4,6,0
0,4,7,0
0,5,0,0
0,5,1,0
0,5,2,0
0,5,3,0
0,5,4,0
0,5,5,0
0,5,6,0
0,5,7,0
0,6,0,0
0,6,1,0
0,6,2,0
0,6,3,0
0,6,4,0
0,6,5,0
0,6,6,0
0,6,7,0
0,7,0,0
0,7,1,0
0,7,2,0
0,7,3,0
0,7,4,0
0,7,5,0
0,7,6,0
0,7,7,0
0,8,0,0
0,8,1,0
0,8,2,0
0,8,3,0
0,8,4,0
0,8,5,0
0,8,6,0
0,8,7,0
0,9,0,0
0,9,1,0
0,9,2,0
0,9,3,0
0,9,4,0
0,9,5,0
0,9,6,0
0,9,7,0
0,10,0,0
0,10,1,0
0,10,2,0
0,10,3,0
0,10,4,0
0,10,5,0
0,10,6,0
0,10,7,0
0,11,0,0
0,11,1,0
0,11,2,0
0,11,3,0
0,11,4,0
0,11,5,0
0,11,6,0
0,11,7,0
0,12,0,0
0,12,1,0
0,12,2,0
0,12,3,0
0,12,4,0
0,12,5,0
0,12,6,0
0,12,7,0
0,13,0,0
0,13,1,0
0,13,2,0
0,13,3,0
0,13,4,0
0,13,5,0
0,13,6,0
0,13,7,0
0,14,0,0
0,14,1,0
0,14,2,0
0,14,3,0
0,14,4,0
0,14,5,0
0,14,6,0
0,14,7,0
0,15,0,0
0,15,1,0
0,15,2,0
0,15,3,0
0,15,4,0
0,15,5,0
0,15,6,0
0,15,7,0
0,16,0,0
0,16,1,0
0,16,2,0
0,16,3,0
0,16,4,0
0,16,5,0
0,16,6,0
0,16,7,0
0,17,0,0
0,17,1,0
0,17,2,0
0,17,3,0
0,17,4,0
0,17,5,0
0,17,6,0
0,17,7,0
1,0,0,0
1,0,1,0
1,0,2,0
1,0,3,0
1,0,4,0
1,0,5,0
1,0,6,0
1,0,7,0
1,1,0,0
1,1,1,0
1,1,2,0
1,1,3,0
1,1,4,0
1,1,5,0
1,1,6,0
1,1,7,0
1,2,0,0
1,2,1,56.4388
1,2,2,55.8691
1,2,3,55.1624
1,2,4,54.4491
1,2,5,53.7814
1,2,6,53.1727
1,2,7,52.6217
1,3,0,0
1,3,1,56.4388
1,3,2,55.8691
1,3,3,55.1624
1,3,4,54.4491
1,3,5,53.7814
1,3,6,53.1727
1,3,7,52.6217
1,4,0,0
1,4,1,56.4388
1,4,2,55.8691
1,4,3,55.1624
1,4,4,54.4491
1,4,5,53.7814
1,4,6,53.1727
1,4,7,52.6217
1,5,0,0
1,5,1,56.4388
1,5,2,55.8691
1,5,3,55.1624
1,5,4,54.4491
1,5,5,53.7814
1,5,6,53.1727
1,5,7,52.6217
1,6,0,0
1,6,1,56.4388
1,6,2,55.8691
1,6,3,55.1624
1,6,4,54.4491
1,6,5,53.7814
1,6,6,53.1727
1,6,7,52.6217
1,7,0,0
1,7,1,56.4388
1,7,2,55.8691
1,7,3,55.1624
1,7,4,54.4491
1,7,5,53.7814
1,7,6,53.1727
1,7,7,52.6217
1,8,0,0
1,8,1,56.4388
1,8,2,55.8691
1,8,3,55.1624
1,8,4,54.4491
1,8,5,53.7814
1,8,6,53.1727
1,8,7,52.6217
1,9,0,0
1,9,1,56.4388
1,9,2,55.8691
1,9,3,55.1624
1,9,4,54.4491
1,9,5,53.7814
1,9,6,53.1727
1,9,7,52.6217
1,10,0,0
1,10,1,56.4388
1,10,2,55.8691
1,10,3,55.1624
1,10,4,54.4491
1,10,5,53.7814
1,10,6,53.1727
1,10,7,52.6217
1,11,0,0
1,11,1,56.4388
1,11,2,55.8691
1,11,3,55.1624
1,11,4,54.4491
1,11,5,53.7814
1,11,6,53.1727
1,11,7,52.6217
1,12,0,0
1,12,1,56.4388
1,12,2,55.8691
1,12,3,55.1624
1,12,4,54.4491
1,12,5,53.7814
1,12,6,53.1727
1,12,7,52.6217
1,13,0,0
1,13,1,56.4388
1,13,2,55.8691
1,13,3,55.1624
1,13,4,54.4491
1,13,5,53.7814
1,13,6,53.1727
1,13,7,52.6217
1,14,0,0
1,14,1,56.4388
1,14,2,55.8691
1,14,3,55.1624
1,14,4,54.4491
1,14,5,53.7814
1,14,6,53.1727
1,14,7,52.6217
1,15,0,0
1,15,1,0
1,15,2,0
1,15,3,0
1,15,4,0
1,15,5,0
1,15,6,0
1,15,7,0
1,16,0,0
1,16,1,0
1,16,2,0
1,16,3,0
1,16,4,0
1,16,5,0
1,16,6,0
1,16,7,0
1,17,0,0
1,17,1,0
1,17,2,0
1,17,3,0
1,17,4,0
1,17,5,0
1,17,6,0
1,17,7,0
2,0,0,0
2,0,1,0
2,0,2,0
2,0,3,0
2,0,4,0
2,0,5,0
2,0,6,0
2,0,7,0
2,1,0,0
2,1,1,0
2,1,2,0
2,1,3,0
2,1,4,0
2,1,5,0
2,1,6,0
2,1,7,0
2,2,0,0
2,2,1,55.2866
2,2,2,54.9337
2,2,3,54.4491
2,2,4,53.9131
2,2,5,53.3749
2,2,6,52.8588
2,2,7,52.3742
2,3,0,0
2,3,1,55.2866
2,3,2,54.9337
2,3,3,54.4491
2,3,4,53.9131
2,3,5,53.3749
2,3,6,52.8588
2,3,7,52.3742
2,4,0,0
2,4,1,55.2866
2,4,2,54.9337
2,4,3,54.4491
2,4,4,53.9131
2,4,5,53.3749
2,4,6,52.8588
2,4,7,52.3742
2,5,0,0
2,5,1,55.2866
2,5,2,54.9337
2,5,3,54.4491
2,5,4,53.9131
2,5,5,53.3749
2,5,6,52.8588
2,5,7,52.3742
2,6,0,0
2,6,1,55.2866
2,6,2,54.9337
2,6,3,54.4491
2,6,4,53.9131
2,6,5,53.3749
2,6,6,52.8588
2,6,7,52.3742
2,7,0,0
2,7,1,55.2866
2,7,2,54.9337
2,7,3,54.4491
2,7,4,53.9131
2,7,5,53.3749
2,7,6,52.8588
2,7,7,52.3742
2,8,0,0
2,8,1,55.2866
2,8,2,54.9337
2,8,3,54.4491
2,8,4,53.9131
2,8,5,53.3749
2,8,6,52.8588
2,8,7,52.3742
2,9,0,0
2,9,1,55.2866
2,9,2,54.9337
2,9,3,54.4491
2,9,4,53.9131
2,9,5,53.3749
2,9,6,52.8588
2,9,7,52.3742
2,10,0,0
2,10,1,55.2866
2,10,2,54.9337
2,10,3,54.4491
2,10,4,53.9131
2,10,5,53.3749
2,10,6,52.8588
2,10,7,52.3742
2,11,0,0
2,11,1,55.2866
2,11,2,54.9337
2,11,3,54.4491
2,11,4,53.9131
2,11,5,53.3749
2,11,6,52.8588
2,11,7,52.3742
2,12,0,0
2,12,1,55.2866
2,12,2,54.9337
2,12,3,54.4491
2,12,4,53.9131
2,12,5,53.3749
2,12,6,52.8588
2,12,7,52.3742
2,13,0,0
2,13,1,55.2866
2,13,2,54.9337
2,13,3,54.4491
2,13,4,53.9131
2,13,5,53.3749
2,13,6,52.8588
2,13,7,52.3742
2,14,0,0
2,14,1,55.2866
2,14,2,54.9337
2,14,3,54.4491
2,14,4,53.9131
2,14,5,53.3749
2,14,6,52.8588
2,14,7,52.3742
2,15,0,0
2,15,1,55.2866
2,15,2,54.9337
2,15,3,54.4491
2,15,4,53.9131
2,15,5,53.3749
2,15,6,52.8588
2,15,7,52.3742
2,16,0,0
2,16,1,56.4388
2,16,2,55.8691
2,16,3,55.1624
2,16,4,54.4491
2,16,5,53.7814
2,16,6,53.1727
2,16,7,52.6217
2,17,0,0
2,17,1,0
2,17,2,0
2,17,3,0
2,17,4,0
2,17,5,0
2,17,6,0
2,17,7,0
3,0,0,0
3,0,1,0
3,0,2,0
3,0,3,0
3,0,4,0
3,0,5,0
3,0,6,0
3,0,7,0
3,1,0,0
3,1,1,0
3,1,2,0
3,1,3,0
3,1,4,0
3,1,5,0
3,1,6,0
3,1,7,0
3,2,0,0
3,2,1,55.2866
3,2,2,54.9337
3,2,3,54.4491
3,2,4,53.9131
3,2,5,53.3749
3,2,6,52.8588
3,2,7,52.3742
3,3,0,0
3,3,1,54.3639
3,3,2,54.1268
3,3,3,53.7814
3,3,4,53.3749
3,3,5,52.944
3,3,6,52.5122
3,3,7,52.0926
3,4,0,0
3,4,1,54.3639
3,4,2,54.1268
3,4,3,53.7814
3,4,4,53.3749
3,4,5,52.944
3,4,6,52.5122
3,4,7,52.0926
3,5,0,0
3,5,1,54.3639
3,5,2,54.1268
3,5,3,53.7814
3,5,4,53.3749
3,5,5,52.944
3,5,6,52.5122
3,5,7,52.0926
3,6,0,0
3,6,1,54.3639
3,6,2,54.1268
3,6,3,53.7814
3,6,4,53.3749
3,6,5,52.944
3,6,6,52.5122
3,6,7,52.0926
3,7,0,0
3,7,1,54.3639
3,7,2,54.1268
3,7,3,53.7814
3,7,4,53.3749
3,7,5,52.944
3,7,6,52.5122
3,7,7,52.0926
3,8,0,0
3,8,1,54.3639
3,8,2,54.1268
3,8,3,53.7814
3,8,4,53.3749
3,8,5,52.944
3,8,6,52.5122
3,8,7,52.0926
3,9,0,0
3,9,1,54.3639
3,9,2,54.1268
3,9,3,53.7814
3,9,4,53.3749
3,9,5,52.944
3,9,6,52.5122
3,9,7,52.0926
3,10,0,0
3,10,1,54.3639
3,10,2,54.1268
3,10,3,53.7814
3,10,4,53.3749
3,10,5,52.944
3,10,6,52.5122
3,10,7,52.0926
3,11,0,0
3,11,1,54.3639
3,11,2,54.1268
3,11,3,53.7814
3,11,4,53.3749
3,11,5,52.944
3,11,6,52.5122
3,11,7,52.0926
3,12,0,0
3,12,1,54.3639
3,12,2,54.1268
3,12,3,53.7814
3,12,4,53.3749
3,12,5,52.944
3,12,6,52.5122
3,12,7,52.0926
3,13,0,0
3,13,1,54.3639
3,13,2,54.1268
3,13,3,53.7814
3,13,4,53.3749
3,13,5,52.944
3,13,6,52.5122
3,13,7,52.0926
3,14,0,0
3,14,1,54.3639
3,14,2,54.1268
3,14,3,53.7814
3,14,4,53.3749
3,14,5,52.944
3,14,6,52.5122
3,14,7,52.0926
3,15,0,0
3,15,1,55.2866
3,15,2,54.9337
3,15,3,54.4491
3,15,4,53.9131
3,15,5,53.3749
3,15,6,52.8588
3,15,7,52.3742
3,16,0,0
3,16,1,56.4388
3,16,2,55.8691
3,16,3,55.1624
3,16,4,54.4491
3,16,5,53.7814
3,16,6,53.1727
3,16,7,52.6217
3,17,0,0
3,17,1,0
3,17,2,0
3,17,3,0
3,17,4,0
3,17,5,0
3,17,6,0
3,17,7,0
4,0,0,0
4,0,1,0
4,0,2,0
4,0,3,0
4,0,4,0
4,0,5,0
4,0,6,0
4,0,7,0
4,1,0,0
4,1,1,0
4,1,2,0
4,1,3,0
4,1,4,0
4,1,5,0
4,1,6,0
4,1,7,0
4,2,0,0
4,2,1,55.2866
4,2,2,54.9337
4,2,3,54.4491
4,2,4,53.9131
4,2,5,53.3749
4,2,6,52.8588
4,2,7,52.3742
4,3,0,0
4,3,1,54.3639
4,3,2,54.1268
4,3,3,53.7814
4,3,4,53.3749
4,3,5,52.944
4,3,6,52.5122
4,3,7,52.0926
4,4,0,0
4,4,1,53.5978
4,4,2,53.4285
4,4,3,53.1727
4,4,4,52.8588
4,4,5,52.5122
4,4,6,52.1521
4,4,7,51.7917
4,5,0,0
4,5,1,53.5978
4,5,2,53.4285
4,5,3,53.1727
4,5,4,52.8588
4,5,5,52.5122
4,5,6,52.1521
4,5,7,51.7917
4,6,0,0
4,6,1,53.9296
4,6,2,53.7336
4,6,3,53.4417
4,6,4,53.0895
4,6,5,52.7073
4,6,6,52.3163
4,6,7,51.9299
4,7,0,0
4,7,1,54.3847
4,7,2,54.1455
4,7,3,53.7973
4,7,4,53.388
4,7,5,52.9547
4,7,6,52.521
4,7,7,52.0999
4,8,0,0
4,8,1,54.8042
4,8,2,54.5172
4,8,3,54.1098
4,8,4,53.6436
4,8,5,53.1618
4,8,6,52.689
4,8,7,52.2374
4,9,0,0
4,9,1,55.1384
4,9,2,54.8071
4,9,3,54.3472
4,9,4,53.8331
4,9,5,53.3122
4,9,6,52.8092
4,9,7,52.3345
4,10,0,0
4,10,1,55.2646
4,10,2,54.9149
4,10,3,54.4341
4,10,4,53.9013
4,10,5,53.3657
4,10,6,52.8516
4,10,7,52.3685
4,11,0,0
4,11,1,55.2213
4,11,2,54.878
4,11,3,54.4045
4,11,4,53.8781
4,11,5,53.3476
4,11,6,52.8372
4,11,7,52.357
4,12,0,0
4,12,1,55.189
4,12,2,54.8504
4,12,3,54.3823
4,12,4,53.8607
4,12,5,53.3339
4,12,6,52.8264
4,12,7,52.3483
4,13,0,0
4,13,1,55.1503
4,13,2,54.8173
4,13,3,54.3555
4,13,4,53.8396
4,13,5,53.3173
4,13,6,52.8133
4,13,7,52.3378
4,14,0,0
4,14,1,55.1055
4,14,2,54.7788
4,14,3,54.3244
4,14,4,53.815
4,14,5,53.298
4,14,6,52.7979
4,14,7,52.3254
4,15,0,0
4,15,1,55.2866
4,15,2,54.9337
4,15,3,54.4491
4,15,4,53.9131
4,15,5,53.3749
4,15,6,52.8588
4,15,7,52.3742
4,16,0,0
4,16,1,56.4388
4,16,2,55.8691
4,16,3,55.1624
4,16,4,54.4491
4,16,5,53.7814
4,16,6,53.1727
4,16,7,52.6217
4,17,0,0
4,17,1,0
4,17,2,0
4,17,3,0
4,17,4,0
4,17,5,0
4,17,6,0
4,17,7,0
5,0,0,0
5,0,1,0
5,0,2,0
5,0,3,0
5,0,4,0
5,0,5,0
5,0,6,0
5,0,7,0
5,1,0,0
5,1,1,56.4388
5,1,2,55.8691
5,1,3,55.1624
5,1,4,54.4491
5,1,5,53.7814
5,1,6,53.1727
5,1,7,52.6217
5,2,0,0
5,2,1,55.2866
5,2,2,54.9337
5,2,3,54.4491
5,2,4,53.9131
5,2,5,53.3749
5,2,6,52.8588
5,2,7,52.3742
5,3,0,0
5,3,1,54.3639
5,3,2,54.1268
5,3,3,53.7814
5,3,4,53.3749
5,3,5,52.944
5,3,6,52.5122
5,3,7,52.0926
5,4,0,0
5,4,1,53.5978
5,4,2,53.4285
5,4,3,53.1727
5,4,4,52.8588
5,4,5,52.5122
5,4,6,52.1521
5,4,7,51.7917
5,5,0,0
5,5,1,53.902
5,5,2,53.7084
5,5,3,53.4197
5,5,4,53.0708
5,5,5,52.6916
5,5,6,52.3032
5,5,7,51.9189
5,6,0,0
5,6,1,54.5235
5,6,2,54.2693
5,6,3,53.9024
5,6,4,53.4747
5,6,5,53.0255
5,6,6,52.5787
5,6,7,52.1474
5,7,0,0
5,7,1,55.1441
5,7,2,54.812
5,7,3,54.3512
5,7,4,53.8362
5,7,5,53.3147
5,7,6,52.8112
5,7,7,52.3361
5,8,0,0
5,8,1,55.6855
5,8,2,55.2678
5,8,3,54.7122
5,8,4,54.1158
5,8,5,53.5315
5,8,6,52.9813
5,8,7,52.4717
5,9,0,0
5,9,1,56.201
5,9,2,55.6839
5,9,3,55.0271
5,9,4,54.3508
5,9,5,53.7087
5,9,6,53.1176
5,9,7,52.5788
5,10,0,0
5,10,1,56.4108
5,10,2,55.8475
5,10,3,55.1468
5,10,4,54.4378
5,10,5,53.7731
5,10,6,53.1665
5,10,7,52.6168
5,11,0,0
5,11,1,56.3472
5,11,2,55.7983
5,11,3,55.1111
5,11,4,54.412
5,11,5,53.7541
5,11,6,53.1521
5,11,7,52.6056
5,12,0,0
5,12,1,56.3117
5,12,2,55.7707
5,12,3,55.0909
5,12,4,54.3974
5,12,5,53.7433
5,12,6,53.1439
5,12,7,52.5992
5,13,0,0
5,13,1,56.2653
5,13,2,55.7344
5,13,3,55.0643
5,13,4,54.378
5,13,5,53.7289
5,13,6,53.133
5,13,7,52.5907
5,14,0,0
5,14,1,56.2086
5,14,2,55.6899
5,14,3,55.0315
5,14,4,54.3541
5,14,5,53.7111
5,14,6,53.1194
5,14,7,52.5802
5,15,0,0
5,15,1,56.1606
5,15,2,55.652
5,15,3,55.0035
5,15,4,54.3335
5,15,5,53.6958
5,15,6,53.1078
5,15,7,52.5711
5,16,0,0
5,16,1,56.4388
5,16,2,55.8691
5,16,3,55.1624
5,16,4,54.4491
5,16,5,53.7814
5,16,6,53.1727
5,16,7,52.6217
5,17,0,0
5,17,1,0
5,17,2,0
5,17,3,0
5,17,4,0
5,17,5,0
5,17,6,0
5,17,7,0
6,0,0,0
6,0,1,0
6,0,2,0
6,0,3,0
6,0,4,0
6,0,5,0
6,0,6,0
6,0,7,0
6,1,0,0
6,1,1,56.4388
6,1,2,55.8691
6,1,3,55.1624
6,1,4,54.4491
6,1,5,53.7814
6,1,6,53.1727
6,1,7,52.6217
6,2,0,0
6,2,1,55.2866
6,2,2,54.9337
6,2,3,54.4491
6,2,4,53.9131
6,2,5,53.3749
6,2,6,52.8588
6,2,7,52.3742
6,3,0,0
6,3,1,54.3639
6,3,2,54.1268
6,3,3,53.7814
6,3,4,53.3749
6,3,5,52.944
6,3,6,52.5122
6,3,7,52.0926
6,4,0,0
6,4,1,53.6233
6,4,2,53.4521
6,4,3,53.1937
6,4,4,52.8769
6,4,5,52.5276
6,4,6,52.1652
6,4,7,51.8028
6,5,0,0
6,5,1,54.3174
6,5,2,54.085
6,5,3,53.7457
6,5,4,53.3453
6,5,5,52.9196
6,5,6,52.4922
6,5,7,52.0762
6,6,0,0
6,6,1,55.0962
6,6,2,54.7708
6,6,3,54.3178
6,6,4,53.8098
6,6,5,53.2939
6,6,6,52.7947
6,6,7,52.3228
6,7,0,0
6,7,1,55.9451
6,7,2,55.4798
6,7,3,54.8745
6,7,4,54.238
6,7,5,53.6242
6,7,6,53.0529
6,7,7,52.5281
6,8,0,0
6,8,1,56.7796
6,8,2,56.1264
6,8,3,55.3452
6,8,4,54.5791
6,8,5,53.8762
6,8,6,53.244
6,8,7,52.6767
6,9,0,0
6,9,1,57.507
6,9,2,56.6402
6,9,3,55.6905
6,9,4,54.8159
6,9,5,54.0449
6,9,6,53.3688
6,9,7,52.7722
6,10,0,0
6,10,1,57.9065
6,10,2,56.8999
6,10,3,55.8546
6,10,4,54.9242
6,10,5,54.1203
6,10,6,53.4238
6,10,7,52.8139
6,11,0,0
6,11,1,57.8163
6,11,2,56.8427
6,11,3,55.8191
6,11,4,54.901
6,11,5,54.1043
6,11,6,53.4121
6,11,7,52.805
6,12,0,0
6,12,1,57.7673
6,12,2,56.8112
6,12,3,55.7994
6,12,4,54.8881
6,12,5,54.0953
6,12,6,53.4056
6,12,7,52.8001
6,13,0,0
6,13,1,57.7124
6,13,2,56.7758
6,13,3,55.7771
6,13,4,54.8734
6,13,5,54.0851
6,13,6,53.3982
6,13,7,52.7945
6,14,0,0
6,14,1,57.6371
6,14,2,56.7266
6,14,3,55.7459
6,14,4,54.8528
6,14,5,54.0707
6,14,6,53.3877
6,14,7,52.7866
6,15,0,0
6,15,1,57.5618
6,15,2,56.6768
6,15,3,55.714
6,15,4,54.8316
6,15,5,54.0559
6,15,6,53.3769
6,15,7,52.7784
6,16,0,0
6,16,1,57.5189
6,16,2,56.6481
6,16,3,55.6956
6,16,4,54.8193
6,16,5,54.0473
6,16,6,53.3706
6,16,7,52.7736
6,17,0,0
6,17,1,0
6,17,2,0
6,17,3,0
6,17,4,0
6,17,5,0
6,17,6,0
6,17,7,0
7,0,0,0
7,0,1,0
7,0,2,0
7,0,3,0
7,0,4,0
7,0,5,0
7,0,6,0
7,0,7,0
7,1,0,0
7,1,1,56.4388
7,1,2,55.8691
7,1,3,55.1624
7,1,4,54.4491
7,1,5,53.7814
7,1,6,53.1727
7,1,7,52.6217
7,2,0,0
7,2,1,55.2866
7,2,2,54.9337
7,2,3,54.4491
7,2,4,53.9131
7,2,5,53.3749
7,2,6,52.8588
7,2,7,52.3742
7,3,0,0
7,3,1,54.3639
7,3,2,54.1268
7,3,3,53.7814
7,3,4,53.3749
7,3,5,52.944
7,3,6,52.5122
7,3,7,52.0926
7,4,0,0
7,4,1,53.8483
7,4,2,53.6592
7,4,3,53.3765
7,4,4,53.034
7,4,5,52.6606
7,4,6,52.2773
7,4,7,51.8972
7,5,0,0
7,5,1,54.6336
7,5,2,54.367
7,5,3,53.9846
7,5,4,53.542
7,5,5,53.08
7,5,6,52.623
7,5,7,52.1836
7,6,0,0
7,6,1,55.5644
7,6,2,55.1675
7,6,3,54.6341
7,6,4,54.0562
7,6,5,53.4858
7,6,6,52.9458
7,6,7,52.4435
7,7,0,0
7,7,1,56.679
7,7,2,56.0514
7,7,3,55.2926
7,7,4,54.542
7,7,5,53.8493
7,7,6,53.2239
7,7,7,52.6612
7,8,0,0
7,8,1,57.9668
7,8,2,56.9376
7,8,3,55.8779
7,8,4,54.9393
7,8,5,54.1307
7,8,6,53.4313
7,8,7,52.8196
7,9,0,0
7,9,1,59.0953
7,9,2,57.569
7,9,3,56.2433
7,9,4,55.1694
7,9,5,54.2866
7,9,6,53.5432
7,9,7,52.9034
7,10,0,0
7,10,1,59.8866
7,10,2,57.925
7,10,3,56.4293
7,10,4,55.281
7,10,5,54.3603
7,10,6,53.5952
7,10,7,52.9421
7,11,0,0
7,11,1,59.7572
7,11,2,57.8716
7,11,3,56.4023
7,11,4,55.265
7,11,5,54.3498
7,11,6,53.5879
7,11,7,52.9366
7,12,0,0
7,12,1,59.6826
7,12,2,57.84
7,12,3,56.3862
7,12,4,55.2555
7,12,5,54.3436
7,12,6,53.5835
7,12,7,52.9333
7,13,0,0
7,13,1,59.6363
7,13,2,57.8201
7,13,3,56.376
7,13,4,55.2494
7,13,5,54.3396
7,13,6,53.5806
7,13,7,52.9312
7,14,0,0
7,14,1,59.5385
7,14,2,57.7772
7,14,3,56.3538
7,14,4,55.2362
7,14,5,54.3309
7,14,6,53.5745
7,14,7,52.9267
7,15,0,0
7,15,1,59.4
7,15,2,57.7145
7,15,3,56.3211
7,15,4,55.2165
7,15,5,54.3179
7,15,6,53.5653
7,15,7,52.9199
7,16,0,0
7,16,1,59.3759
7,16,2,57.7034
7,16,3,56.3152
7,16,4,55.213
7,16,5,54.3156
7,16,6,53.5637
7,16,7,52.9187
7,17,0,0
7,17,1,0
7,17,2,0
7,17,3,0
7,17,4,0
7,17,5,0
7,17,6,0
7,17,7,0
8,0,0,0
8,0,1,0
8,0,2,0
8,0,3,0
8,0,4,0
8,0,5,0
8,0,6,0
8,0,7,0
8,1,0,0
8,1,1,56.4388
8,1,2,55.8691
8,1,3,55.1624
8,1,4,54.4491
8,1,5,53.7814
8,1,6,53.1727
8,1,7,52.6217
8,2,0,0
8,2,1,55.2866
8,2,2,54.9337
8,2,3,54.4491
8,2,4,53.9131
8,2,5,53.3749
8,2,6,52.8588
8,2,7,52.3742
8,3,0,0
8,3,1,54.3639
8,3,2,54.1268
8,3,3,53.7814
8,3,4,53.3749
8,3,5,52.944
8,3,6,52.5122
8,3,7,52.0926
8,4,0,0
8,4,1,53.9563
8,4,2,53.758
8,4,3,53.463
8,4,4,53.1077
8,4,5,52.7225
8,4,6,52.329
8,4,7,51.9405
8,5,0,0
8,5,1,54.7904
8,5,2,54.5051
8,5,3,54.0997
8,5,4,53.6355
8,5,5,53.1553
8,5,6,52.6838
8,5,7,52.2331
8,6,0,0
8,6,1,55.81
8,6,2,55.3701
8,6,3,54.791
8,6,4,54.1754
8,6,5,53.5769
8,6,6,53.0164
8,6,7,52.4994
8,7,0,0
8,7,1,57.1064
8,7,2,56.3634
8,7,3,55.5078
8,7,4,54.6921
8,7,5,53.9574
8,7,6,53.3044
8,7,7,52.7231
8,8,0,0
8,8,1,58.815
8,8,2,57.4257
8,8,3,56.1642
8,8,4,55.1209
8,8,5,54.2542
8,8,6,53.5201
8,8,7,52.8862
8,9,0,0
8,9,1,60.7991
8,9,2,58.2501
8,9,3,56.5865
8,9,4,55.3722
8,9,5,54.4195
8,9,6,53.6367
8,9,7,52.9727
8,10,0,0
8,10,1,61.4374
8,10,2,58.4281
8,10,3,56.6674
8,10,4,55.4181
8,10,5,54.449
8,10,6,53.6572
8,10,7,52.9878
8,11,0,0
8,11,1,61.3625
8,11,2,58.4092
8,11,3,56.659
8,11,4,55.4134
8,11,5,54.446
8,11,6,53.6551
8,11,7,52.9862
8,12,0,0
8,12,1,61.2993
8,12,2,58.3928
8,12,3,56.6516
8,12,4,55.4092
8,12,5,54.4433
8,12,6,53.6533
8,12,7,52.9849
8,13,0,0
8,13,1,61.3867
8,13,2,58.4154
8,13,3,56.6617
8,13,4,55.4149
8,13,5,54.447
8,13,6,53.6558
8,13,7,52.9867
8,14,0,0
8,14,1,61.3547
8,14,2,58.4072
8,14,3,56.6581
8,14,4,55.4128
8,14,5,54.4457
8,14,6,53.6549
8,14,7,52.9861
8,15,0,0
8,15,1,61.2082
8,15,2,58.3685
8,15,3,56.6407
8,15,4,55.403
8,15,5,54.4394
8,15,6,53.6505
8,15,7,52.9829
8,16,0,0
8,16,1,61.2508
8,16,2,58.38
8,16,3,56.6459
8,16,4,55.406
8,16,5,54.4413
8,16,6,53.6518
8,16,7,52.9838
8,17,0,0
8,17,1,0
8,17,2,0
8,17,3,0
8,17,4,0
8,17,5,0
8,17,6,0
8,17,7,0
9,0,0,0
9,0,1,0
9,0,2,0
9,0,3,0
9,0,4,0
9,0,5,0
9,0,6,0
9,0,7,0
9,1,0,0
9,1,1,56.4388
9,1,2,55.8691
9,1,3,55.1624
9,1,4,54.4491
9,1,5,53.7814
9,1,6,53.1727
9,1,7,52.6217
9,2,0,0
9,2,1,55.2866
9,2,2,54.9337
9,2,3,54.4491
9,2,4,53.9131
9,2,5,53.3749
9,2,6,52.8588
9,2,7,52.3742
9,3,0,0
9,3,1,54.3639
9,3,2,54.1268
9,3,3,53.7814
9,3,4,53.3749
9,3,5,52.944
9,3,6,52.5122
9,3,7,52.0926
9,4,0,0
9,4,1,53.972
9,4,2,53.7723
9,4,3,53.4755
9,4,4,53.1182
9,4,5,52.7313
9,4,6,52.3364
9,4,7,51.9467
9,5,0,0
9,5,1,54.8107
9,5,2,54.5228
9,5,3,54.1145
9,5,4,53.6473
9,5,5,53.1648
9,5,6,52.6915
9,5,7,52.2394
9,6,0,0
9,6,1,55.838
9,6,2,55.3929
9,6,3,54.8084
9,6,4,54.1885
9,6,5,53.5868
9,6,6,53.0241
9,6,7,52.5055
9,7,0,0
9,7,1,57.1493
9,7,2,56.3938
9,7,3,55.5282
9,7,4,54.7061
9,7,5,53.9674
9,7,6,53.3118
9,7,7,52.7287
9,8,0,0
9,8,1,58.8919
9,8,2,57.4659
9,8,3,56.1867
9,8,4,55.1347
9,8,5,54.2635
9,8,6,53.5267
9,8,7,52.8911
9,9,0,0
9,9,1,60.9488
9,9,2,58.2952
9,9,3,56.6074
9,9,4,55.3841
9,9,5,54.4272
9,9,6,53.6421
9,9,7,52.9766
9,10,0,0
9,10,1,0
9,10,2,0
9,10,3,0
9,10,4,0
9,10,5,0
9,10,6,0
9,10,7,0
9,11,0,0
9,11,1,0
9,11,2,0
9,11,3,0
9,11,4,0
9,11,5,0
9,11,6,0
9,11,7,0
9,12,0,0
9,12,1,0
9,12,2,0
9,12,3,0
9,12,4,0
9,12,5,0
9,12,6,0
9,12,7,0
9,13,0,0
9,13,1,0
9,13,2,0
9,13,3,0
9,13,4,0
9,13,5,0
9,13,6,0
9,13,7,0
9,14,0,0
9,14,1,0
9,14,2,0
9,14,3,0
9,14,4,0
9,14,5,0
9,14,6,0
9,14,7,0
9,15,0,0
9,15,1,0
9,15,2,0
9,15,3,0
9,15,4,0
9,15,5,0
9,15,6,0
9,15,7,0
9,16,0,0
9,16,1,0
9,16,2,0
9,16,3,0
9,16,4,0
9,16,5,0
9,16,6,0
9,16,7,0
9,17,0,0
9,17,1,0
9,17,2,0
9,17,3,0
9,17,4,0
9,17,5,0
9,17,6,0
9,17,7,0
10,0,0,0
10,0,1,0
10,0,2,0
10,0,3,0
10,0,4,0
10,0,5,0
10,0,6,0
10,0,7,0
10,1,0,0
10,1,1,56.4388
10,1,2,55.8691
10,1,3,55.1624
10,1,4,54.4491
10,1,5,53.7814
10,1,6,53.1727
10,1,7,52.6217
10,2,0,0
10,2,1,55.2866
10,2,2,54.9337
10,2,3,54.4491
10,2,4,53.9131
10,2,5,53.3749
10,2,6,52.8588
10,2,7,52.3742
10,3,0,0
10,3,1,54.3639
10,3,2,54.1268
10,3,3,53.7814
10,3,4,53.3749
10,3,5,52.944
10,3,6,52.5122
10,3,7,52.0926
10,4,0,0
10,4,1,53.9937
10,4,2,53.792
10,4,3,53.4927
10,4,4,53.1329
10,4,5,52.7436
10,4,6,52.3466
10,4,7,51.9552
10,5,0,0
10,5,1,54.837
10,5,2,54.5459
10,5,3,54.1335
10,5,4,53.6627
10,5,5,53.1771
10,5,6,52.7013
10,5,7,52.2474
10,6,0,0
10,6,1,55.8713
10,6,2,55.42
10,6,3,54.8291
10,6,4,54.2041
10,6,5,53.5986
10,6,6,53.0332
10,6,7,52.5126
10,7,0,0
10,7,1,57.1939
10,7,2,56.4252
10,7,3,55.5493
10,7,4,54.7205
10,7,5,53.9776
10,7,6,53.3193
10,7,7,52.7345
10,8,0,0
10,8,1,58.9548
10,8,2,57.4983
10,8,3,56.2046
10,8,4,55.1457
10,8,5,54.2708
10,8,6,53.532
10,8,7,52.895
10,9,0,0
10,9,1,61.0153
10,9,2,58.3146
10,9,3,56.6162
10,9,4,55.3892
10,9,5,54.4305
10,9,6,53.6443
10,9,7,52.9783
10,10,0,0
10,10,1,0
10,10,2,0
10,10,3,0
10,10,4,0
10,10,5,0
10,10,6,0
10,10,7,0
10,11,0,0
10,11,1,0
10,11,2,0
10,11,3,0
10,11,4,0
10,11,5,0
10,11,6,0
10,11,7,0
10,12,0,0
10,12,1,0
10,12,2,0
10,12,3,0
10,12,4,0
10,12,5,0
10,12,6,0
10,12,7,0
10,13,0,0
10,13,1,0
10,13,2,0
10,13,3,0
10,13,4,0
10,13,5,0
10,13,6,0
10,13,7,0
10,14,0,0
10,14,1,0
10,14,2,0
10,14,3,0
10,14,4,0
10,14,5,0
10,14,6,0
10,14,7,0
10,15,0,0
10,15,1,0
10,15,2,0
10,15,3,0
10,15,4,0
10,15,5,0
10,15,6,0
10,15,7,0
10,16,0,0
10,16,1,0
10,16,2,0
10,16,3,0
10,16,4,0
10,16,5,0
10,16,6,0
10,16,7,0
10,17,0,0
10,17,1,0
10,17,2,0
10,17,3,0
10,17,4,0
10,17,5,0
10,17,6,0
10,17,7,0
11,0,0,0
11,0,1,0
11,0,2,0
11,0,3,0
11,0,4,0
11,0,5,0
11,0,6,0
11,0,7,0
11,1,0,0
11,1,1,56.4388
11,1,2,55.8691
11,1,3,55.1624
11,1,4,54.4491
11,1,5,53.7814
11,1,6,53.1727
11,1,7,52.6217
11,2,0,0
11,2,1,55.2866
11,2,2,54.9337
11,2,3,54.4491
11,2,4,53.9131
11,2,5,53.3749
11,2,6,52.8588
11,2,7,52.3742
11,3,0,0
11,3,1,54.3639
11,3,2,54.1268
11,3,3,53.7814
11,3,4,53.3749
11,3,5,52.944
11,3,6,52.5122
11,3,7,52.0926
11,4,0,0
11,4,1,54.0117
11,4,2,53.8084
11,4,3,53.507
11,4,4,53.145
11,4,5,52.7537
11,4,6,52.355
11,4,7,51.9623
11,5,0,0
11,5,1,54.8579
11,5,2,54.5642
11,5,3,54.1486
11,5,4,53.6749
11,5,5,53.1868
11,5,6,52.7091
11,5,7,52.2537
11,6,0,0
11,6,1,55.8959
11,6,2,55.4399
11,6,3,54.8443
11,6,4,54.2154
11,6,5,53.6072
11,6,6,53.0398
11,6,7,52.5178
11,7,0,0
11,7,1,57.2222
11,7,2,56.445
11,7,3,55.5625
11,7,4,54.7295
11,7,5,53.984
11,7,6,53.324
11,7,7,52.7381
11,8,0,0
11,8,1,58.9806
11,8,2,57.5115
11,8,3,56.2118
11,8,4,55.1502
11,8,5,54.2738
11,8,6,53.5341
11,8,7,52.8966
11,9,0,0
11,9,1,60.9846
11,9,2,58.3057
11,9,3,56.6122
11,9,4,55.3869
11,9,5,54.429
11,9,6,53.6433
11,9,7,52.9775
11,10,0,0
11,10,1,0
11,10,2,0
11,10,3,0
11,10,4,0
11,10,5,0
11,10,6,0
11,10,7,0
11,11,0,0
11,11,1,0
11,11,2,0
11,11,3,0
11,11,4,0
11,11,5,0
11,11,6,0
11,11,7,0
11,12,0,0
11,12,1,0
11,12,2,0
11,12,3,0
11,12,4,0
11,12,5,0
11,12,6,0
11,12,7,0
11,13,0,0
11,13,1,0
11,13,2,0
11,13,3,0
11,13,4,0
11,13,5,0
11,13,6,0
11,13,7,0
11,14,0,0
11,14,1,0
11,14,2,0
11,14,3,0
11,14,4,0
11,14,5,0
11,14,6,0
11,14,7,0
11,15,0,0
11,15,1,0
11,15,2,0
11,15,3,0
11,15,4,0
11,15,5,0
11,15,6,0
11,15,7,0
11,16,0,0
11,16,1,0
11,16,2,0
11,16,3,0
11,16,4,0
11,16,5,0
11,16,6,0
11,16,7,0
11,17,0,0
11,17,1,0
11,17,2,0
11,17,3,0
11,17,4,0
11,17,5,0
11,17,6,0
11,17,7,0
12,0,0,0
12,0,1,0
12,0,2,0
12,0,3,0
12,0,4,0
12,0,5,0
12,0,6,0
12,0,7,0
12,1,0,0
12,1,1,56.4388
12,1,2,55.8691
12,1,3,55.1624
12,1,4,54.4491
12,1,5,53.7814
12,1,6,53.1727
12,1,7,52.6217
12,2,0,0
12,2,1,55.2866
12,2,2,54.9337
12,2,3,54.4491
12,2,4,53.9131
12,2,5,53.3749
12,2,6,52.8588
12,2,7,52.3742
12,3,0,0
12,3,1,54.3639
12,3,2,54.1268
12,3,3,53.7814
12,3,4,53.3749
12,3,5,52.944
12,3,6,52.5122
12,3,7,52.0926
12,4,0,0
12,4,1,54.0259
12,4,2,53.8214
12,4,3,53.5183
12,4,4,53.1545
12,4,5,52.7616
12,4,6,52.3616
12,4,7,51.9678
12,5,0,0
12,5,1,54.8732
12,5,2,54.5775
12,5,3,54.1597
12,5,4,53.6837
12,5,5,53.1938
12,5,6,52.7148
12,5,7,52.2583
12,6,0,0
12,6,1,55.9117
12,6,2,55.4528
12,6,3,54.854
12,6,4,54.2227
12,6,5,53.6127
12,6,6,53.0441
12,6,7,52.5212
12,7,0,0
12,7,1,57.2429
12,7,2,56.4595
12,7,3,55.5721
12,7,4,54.7361
12,7,5,53.9886
12,7,6,53.3275
12,7,7,52.7407
12,8,0,0
12,8,1,59.008
12,8,2,57.5253
12,8,3,56.2194
12,8,4,55.1548
12,8,5,54.2769
12,8,6,53.5363
12,8,7,52.8983
12,9,0,0
12,9,1,61.0052
12,9,2,58.3117
12,9,3,56.6149
12,9,4,55.3884
12,9,5,54.43
12,9,6,53.644
12,9,7,52.978
12,10,0,0
12,10,1,0
12,10,2,0
12,10,3,0
12,10,4,0
12,10,5,0
12,10,6,0
12,10,7,0
12,11,0,0
12,11,1,0
12,11,2,0
12,11,3,0
12,11,4,0
12,11,5,0
12,11,6,0
12,11,7,0
12,12,0,0
12,12,1,0
12,12,2,0
12,12,3,0
12,12,4,0
12,12,5,0
12,12,6,0
12,12,7,0
12,13,0,0
12,13,1,0
12,13,2,0
12,13,3,0
12,13,4,0
12,13,5,0
12,13,6,0
12,13,7,0
12,14,0,0
12,14,1,0
12,14,2,0
12,14,3,0
12,14,4,0
12,14,5,0
12,14,6,0
12,14,7,0
12,15,0,0
12,15,1,0
12,15,2,0
12,15,3,0
12,15,4,0
12,15,5,0
12,15,6,0
12,15,7,0
12,16,0,0
12,16,1,0
12,16,2,0
12,16,3,0
12,16,4,0
12,16,5,0
12,16,6,0
12,16,7,0
12,17,0,0
12,17,1,0
12,17,2,0
12,17,3,0
12,17,4,0
12,17,5,0
12,17,6,0
12,17,7,0
13,0,0,0
13,0,1,0
13,0,2,0
13,0,3,0
13,0,4,0
13,0,5,0
13,0,6,0
13,0,7,0
13,1,0,0
13,1,1,56.4388
13,1,2,55.8691
13,1,3,55.1624
13,1,4,54.4491
13,1,5,53.7814
13,1,6,53.1727
13,1,7,52.6217
13,2,0,0
13,2,1,55.2866
13,2,2,54.9337
13,2,3,54.4491
13,2,4,53.9131
13,2,5,53.3749
13,2,6,52.8588
13,2,7,52.3742
13,3,0,0
13,3,1,54.3639
13,3,2,54.1268
13,3,3,53.7814
13,3,4,53.3749
13,3,5,52.944
13,3,6,52.5122
13,3,7,52.0926
13,4,0,0
13,4,1,54.0463
13,4,2,53.8399
13,4,3,53.5344
13,4,4,53.1681
13,4,5,52.773
13,4,6,52.371
13,4,7,51.9757
13,5,0,0
13,5,1,54.9005
13,5,2,54.6013
13,5,3,54.1792
13,5,4,53.6994
13,5,5,53.2064
13,5,6,52.7249
13,5,7,52.2664
13,6,0,0
13,6,1,55.9507
13,6,2,55.4843
13,6,3,54.8779
13,6,4,54.2405
13,6,5,53.6261
13,6,6,53.0544
13,6,7,52.5293
13,7,0,0
13,7,1,57.2979
13,7,2,56.4976
13,7,3,55.5974
13,7,4,54.7532
13,7,5,54.0008
13,7,6,53.3364
13,7,7,52.7476
13,8,0,0
13,8,1,59.0934
13,8,2,57.5681
13,8,3,56.2427
13,8,4,55.1691
13,8,5,54.2864
13,8,6,53.543
13,8,7,52.9033
13,9,0,0
13,9,1,61.1218
13,9,2,58.3448
13,9,3,56.63
13,9,4,55.397
13,9,5,54.4355
13,9,6,53.6478
13,9,7,52.9809
13,10,0,0
13,10,1,0
13,10,2,0
13,10,3,0
13,10,4,0
13,10,5,0
13,10,6,0
13,10,7,0
13,11,0,0
13,11,1,0
13,11,2,0
13,11,3,0
13,11,4,0
13,11,5,0
13,11,6,0
13,11,7,0
13,12,0,0
13,12,1,0
13,12,2,0
13,12,3,0
13,12,4,0
13,12,5,0
13,12,6,0
13,12,7,0
13,13,0,0
13,13,1,0
13,13,2,0
13,13,3,0
13,13,4,0
13,13,5,0
13,13,6,0
13,13,7,0
13,14,0,0
13,14,1,0
13,14,2,0
13,14,3,0
13,14,4,0
13,14,5,0
13,14,6,0
13,14,7,0
13,15,0,0
13,15,1,0
13,15,2,0
13,15,3,0
13,15,4,0
13,15,5,0
13,15,6,0
13,15,7,0
13,16,0,0
13,16,1,0
13,16,2,0
13,16,3,0
13,16,4,0
13,16,5,0
13,16,6,0
13,16,7,0
13,17,0,0
13,17,1,0
13,17,2,0
13,17,3,0
13,17,4,0
13,17,5,0
13,17,6,0
13,17,7,0
14,0,0,0
14,0,1,0
14,0,2,0
14,0,3,0
14,0,4,0
14,0,5,0
14,0,6,0
14,0,7,0
14,1,0,0
14,1,1,56.4388
14,1,2,55.8691
14,1,3,55.1624
14,1,4,54.4491
14,1,5,53.7814
14,1,6,53.1727
14,1,7,52.6217
14,2,0,0
14,2,1,55.2866
14,2,2,54.9337
14,2,3,54.4491
14,2,4,53.9131
14,2,5,53.3749
14,2,6,52.8588
14,2,7,52.3742
14,3,0,0
14,3,1,54.3639
14,3,2,54.1268
14,3,3,53.7814
14,3,4,53.3749
14,3,5,52.944
14,3,6,52.5122
14,3,7,52.0926
14,4,0,0
14,4,1,54.0666
14,4,2,53.8584
14,4,3,53.5505
14,4,4,53.1817
14,4,5,52.7843
14,4,6,52.3804
14,4,7,51.9835
14,5,0,0
14,5,1,54.9248
14,5,2,54.6225
14,5,3,54.1967
14,5,4,53.7134
14,5,5,53.2175
14,5,6,52.7338
14,5,7,52.2736
14,6,0,0
14,6,1,55.9807
14,6,2,55.5085
14,6,3,54.8961
14,6,4,54.2541
14,6,5,53.6364
14,6,6,53.0623
14,6,7,52.5355
14,7,0,0
14,7,1,57.3361
14,7,2,56.524
14,7,3,55.6148
14,7,4,54.765
14,7,5,54.0091
14,7,6,53.3425
14,7,7,52.7522
14,8,0,0
14,8,1,59.1405
14,8,2,57.5913
14,8,3,56.2553
14,8,4,55.1767
14,8,5,54.2915
14,8,6,53.5466
14,8,7,52.906
14,9,0,0
14,9,1,61.1383
14,9,2,58.3494
14,9,3,56.6321
14,9,4,55.3981
14,9,5,54.4362
14,9,6,53.6484
14,9,7,52.9813
14,10,0,0
14,10,1,0
14,10,2,0
14,10,3,0
14,10,4,0
14,10,5,0
14,10,6,0
14,10,7,0
14,11,0,0
14,11,1,0
14,11,2,0
14,11,3,0
14,11,4,0
14,11,5,0
14,11,6,0
14,11,7,0
14,12,0,0
14,12,1,0
14,12,2,0
14,12,3,0
14,12,4,0
14,12,5,0
14,12,6,0
14,12,7,0
14,13,0,0
14,13,1,0
14,13,2,0
14,13,3,0
14,13,4,0
14,13,5,0
14,13,6,0
14,13,7,0
14,14,0,0
14,14,1,0
14,14,2,0
14,14,3,0
14,14,4,0
14,14,5,0
14,14,6,0
14,14,7,0
14,15,0,0
14,15,1,0
14,15,2,0
14,15,3,0
14,15,4,0
14,15,5,0
14,15,6,0
14,15,7,0
14,16,0,0
14,16,1,0
14,16,2,0
14,16,3,0
14,16,4,0
14,16,5,0
14,16,6,0
14,16,7,0
14,17,0,0
14,17,1,0
14,17,2,0
14,17,3,0
14,17,4,0
14,17,5,0
14,17,6,0
14,17,7,0
15,0,0,0
15,0,1,0
15,0,2,0
15,0,3,0
15,0,4,0
15,0,5,0
15,0,6,0
15,0,7,0
15,1,0,0
15,1,1,56.4388
15,1,2,55.8691
15,1,3,55.1624
15,1,4,54.4491
15,1,5,53.7814
15,1,6,53.1727
15,1,7,52.6217
15,2,0,0
15,2,1,55.2866
15,2,2,54.9337
15,2,3,54.4491
15,2,4,53.9131
15,2,5,53.3749
15,2,6,52.8588
15,2,7,52.3742
15,3,0,0
15,3,1,54.3639
15,3,2,54.1268
15,3,3,53.7814
15,3,4,53.3749
15,3,5,52.944
15,3,6,52.5122
15,3,7,52.0926
15,4,0,0
15,4,1,54.0831
15,4,2,53.8734
15,4,3,53.5635
15,4,4,53.1926
15,4,5,52.7934
15,4,6,52.388
15,4,7,51.9898
15,5,0,0
15,5,1,54.9434
15,5,2,54.6386
15,5,3,54.21
15,5,4,53.724
15,5,5,53.226
15,5,6,52.7405
15,5,7,52.2791
15,6,0,0
15,6,1,56.0014
15,6,2,55.5251
15,6,3,54.9086
15,6,4,54.2634
15,6,5,53.6434
15,6,6,53.0676
15,6,7,52.5397
15,7,0,0
15,7,1,57.3567
15,7,2,56.5382
15,7,3,55.6241
15,7,4,54.7713
15,7,5,54.0136
15,7,6,53.3458
15,7,7,52.7547
15,8,0,0
15,8,1,59.1466
15,8,2,57.5942
15,8,3,56.2569
15,8,4,55.1777
15,8,5,54.2922
15,8,6,53.5471
15,8,7,52.9063
15,9,0,0
15,9,1,61.0524
15,9,2,58.3253
15,9,3,56.6211
15,9,4,55.3919
15,9,5,54.4323
15,9,6,53.6456
15,9,7,52.9792
15,10,0,0
15,10,1,0
15,10,2,0
15,10,3,0
15,10,4,0
15,10,5,0
15,10,6,0
15,10,7,0
15,11,0,0
15,11,1,0
15,11,2,0
15,11,3,0
15,11,4,0
15,11,5,0
15,11,6,0
15,11,7,0
15,12,0,0
15,12,1,0
15,12,2,0
15,12,3,0
15,12,4,0
15,12,5,0
15,12,6,0
15,12,7,0
15,13,0,0
15,13,1,0
15,13,2,0
15,13,3,0
15,13,4,0
15,13,5,0
15,13,6,0
15,13,7,0
15,14,0,0
15,14,1,0
15,14,2,0
15,14,3,0
15,14,4,0
15,14,5,0
15,14,6,0
15,14,7,0
15,15,0,0
15,15,1,0
15,15,2,0
15,15,3,0
15,15,4,0
15,15,5,0
15,15,6,0
15,15,7,0
15,16,0,0
15,16,1,0
15,16,2,0
15,16,3,0
15,16,4,0
15,16,5,0
15,16,6,0
15,16,7,0
15,17,0,0
15,17,1,0
15,17,2,0
15,17,3,0
15,17,4,0
15,17,5,0
15,17,6,0
15,17,7,0
16,0,0,0
16,0,1,0
16,0,2,0
16,0,3,0
16,0,4,0
16,0,5,0
16,0,6,0
16,0,7,0
16,1,0,0
16,1,1,56.4388
16,1,2,55.8691
16,1,3,55.1624
16,1,4,54.4491
16,1,5,53.7814
16,1,6,53.1727
16,1,7,52.6217
16,2,0,0
16,2,1,55.2866
16,2,2,54.9337
16,2,3,54.4491
16,2,4,53.9131
16,2,5,53.3749
16,2,6,52.8588
16,2,7,52.3742
16,3,0,0
16,3,1,54.3639
16,3,2,54.1268
16,3,3,53.7814
16,3,4,53.3749
16,3,5,52.944
16,3,6,52.5122
16,3,7,52.0926
16,4,0,0
16,4,1,54.0983
16,4,2,53.8872
16,4,3,53.5754
16,4,4,53.2027
16,4,5,52.8018
16,4,6,52.3949
16,4,7,51.9956
16,5,0,0
16,5,1,54.963
16,5,2,54.6556
16,5,3,54.2239
16,5,4,53.7352
16,5,5,53.2348
16,5,6,52.7476
16,5,7,52.2848
16,6,0,0
16,6,1,56.0285
16,6,2,55.5468
16,6,3,54.925
16,6,4,54.2756
16,6,5,53.6525
16,6,6,53.0746
16,6,7,52.5452
16,7,0,0
16,7,1,57.3983
16,7,2,56.5666
16,7,3,55.6427
16,7,4,54.7839
16,7,5,54.0224
16,7,6,53.3523
16,7,7,52.7597
16,8,0,0
16,8,1,59.2213
16,8,2,57.6305
16,8,3,56.2764
16,8,4,55.1896
16,8,5,54.3
16,8,6,53.5527
16,8,7,52.9105
16,9,0,0
16,9,1,61.1835
16,9,2,58.3618
16,9,3,56.6377
16,9,4,55.4013
16,9,5,54.4383
16,9,6,53.6498
16,9,7,52.9823
16,10,0,0
16,10,1,0
16,10,2,0
16,10,3,0
16,10,4,0
16,10,5,0
16,10,6,0
16,10,7,0
16,11,0,0
16,11,1,0
16,11,2,0
16,11,3,0
16,11,4,0
16,11,5,0
16,11,6,0
16,11,7,0
16,12,0,0
16,12,1,0
16,12,2,0
16,12,3,0
16,12,4,0
16,12,5,0
16,12,6,0
16,12,7,0
16,13,0,0
16,13,1,0
16,13,2,0
16,13,3,0
16,13,4,0
16,13,5,0
16,13,6,0
16,13,7,0
16,14,0,0
16,14,1,0
16,14,2,0
16,14,3,0
16,14,4,0
16,14,5,0
16,14,6,0
16,14,7,0
16,15,0,0
16,15,1,0
16,15,2,0
16,15,3,0
16,15,4,0
16,15,5,0
16,15,6,0
16,15,7,0
16,16,0,0
16,16,1,0
16,16,2,0
16,16,3,0
16,16,4,0
16,16,5,0
16,16,6,0
16,16,7,0
16,17,0,0
16,17,1,0
16,17,2,0
16,17,3,0
16,17,4,0
16,17,5,0
16,17,6,0
16,17,7,0
17,0,0,0
17,0,1,0
17,0,2,0
17,0,3,0
17,0,4,0
17,0,5,0
17,0,6,0
17,0,7,0
17,1,0,0
17,1,1,56.4388
17,1,2,55.8691
17,1,3,55.1624
17,1,4,54.4491
17,1,5,53.7814
17,1,6,53.1727
17,1,7,52.6217
17,2,0,0
17,2,1,55.2866
17,2,2,54.9337
17,2,3,54.4491
17,2,4,53.9131
17,2,5,53.3749
17,2,6,52.8588
17,2,7,52.3742
17,3,0,0
17,3,1,54.3639
17,3,2,54.1268
17,3,3,53.7814
17,3,4,53.3749
17,3,5,52.944
17,3,6,52.5122
17,3,7,52.0926
17,4,0,0
17,4,1,54.1211
17,4,2,53.9078
17,4,3,53.5933
17,4,4,53.2177
17,4,5,52.8143
17,4,6,52.4053
17,4,7,52.0042
17,5,0,0
17,5,1,54.9909
17,5,2,54.6799
17,5,3,54.2438
17,5,4,53.751
17,5,5,53.2474
17,5,6,52.7576
17,5,7,52.2929
17,6,0,0
17,6,1,56.0643
17,6,2,55.5755
17,6,3,54.9465
17,6,4,54.2915
17,6,5,53.6644
17,6,6,53.0838
17,6,7,52.5523
17,7,0,0
17,7,1,57.4474
17,7,2,56.6
17,7,3,55.6644
17,7,4,54.7985
17,7,5,54.0327
17,7,6,53.3599
17,7,7,52.7654
17,8,0,0
17,8,1,59.2922
17,8,2,57.6643
17,8,3,56.2945
17,8,4,55.2005
17,8,5,54.3073
17,8,6,53.5578
17,8,7,52.9143
17,9,0,0
17,9,1,61.2517
17,9,2,58.3802
17,9,3,56.646
17,9,4,55.406
17,9,5,54.4413
17,9,6,53.6519
17,9,7,52.9838
17,10,0,0
17,10,1,0
17,10,2,0
17,10,3,0
17,10,4,0
17,10,5,0
17,10,6,0
17,10,7,0
17,11,0,0
17,11,1,0
17,11,2,0
17,11,3,0
17,11,4,0
17,11,5,0
17,11,6,0
17,11,7,0
17,12,0,0
17,12,1,0
17,12,2,0
17,12,3,0
17,12,4,0
17,12,5,0
17,12,6,0
17,12,7,0
17,13,0,0
17,13,1,0
17,13,2,0
17,13,3,0
17,13,4,0
17,13,5,0
17,13,6,0
17,13,7,0
17,14,0,0
17,14,1,0
17,14,2,0
17,14,3,0
17,14,4,0
17,14,5,0
17,14,6,0
17,14,7,0
17,15,0,0
17,15,1,0
17,15,2,0
17,15,3,0
17,15,4,0
17,15,5,0
17,15,6,0
17,15,7,0
17,16,0,0
17,16,1,0
17,16,2,0
17,16,3,0
17,16,4,0
17,16,5,0
17,16,6,0
17,16,7,0
17,17,0,0
17,17,1,0
17,17,2,0
17,17,3,0
17,17,4,0
17,17,5,0
17,17,6,0
17,17,7,0
18,0,0,0
18,0,1,0
18,0,2,0
18,0,3,0
18,0,4,0
18,0,5,0
18,0,6,0
18,0,7,0
18,1,0,0
18,1,1,56.4388
18,1,2,55.8691
18,1,3,55.1624
18,1,4,54.4491
18,1,5,53.7814
18,1,6,53.1727
18,1,7,52.6217
18,2,0,0
18,2,1,55.2866
18,2,2,54.9337
18,2,3,54.4491
18,2,4,53.9131
18,2,5,53.3749
18,2,6,52.8588
18,2,7,52.3742
18,3,0,0
18,3,1,54.3639
18,3,2,54.1268
18,3,3,53.7814
18,3,4,53.3749
18,3,5,52.944
18,3,6,52.5122
18,3,7,52.0926
18,4,0,0
18,4,1,54.1399
18,4,2,53.9249
18,4,3,53.6081
18,4,4,53.2302
18,4,5,52.8246
18,4,6,52.4138
18,4,7,52.0113
18,5,0,0
18,5,1,55.013
18,5,2,54.699
18,5,3,54.2594
18,5,4,53.7635
18,5,5,53.2573
18,5,6,52.7655
18,5,7,52.2993
18,6,0,0
18,6,1,56.0906
18,6,2,55.5964
18,6,3,54.9622
18,6,4,54.3031
18,6,5,53.6731
18,6,6,53.0904
18,6,7,52.5575
18,7,0,0
18,7,1,57.4782
18,7,2,56.6208
18,7,3,55.6779
18,7,4,54.8075
18,7,5,54.039
18,7,6,53.3645
18,7,7,52.769
18,8,0,0
18,8,1,59.3199
18,8,2,57.6773
18,8,3,56.3014
18,8,4,55.2047
18,8,5,54.3101
18,8,6,53.5598
18,8,7,52.9158
18,9,0,0
18,9,1,61.2117
18,9,2,58.3695
18,9,3,56.6411
18,9,4,55.4033
18,9,5,54.4395
18,9,6,53.6506
18,9,7,52.9829
18,10,0,0
18,10,1,0
18,10,2,0
18,10,3,0
18,10,4,0
18,10,5,0
18,10,6,0
18,10,7,0
18,11,0,0
18,11,1,0
18,11,2,0
18,11,3,0
18,11,4,0
18,11,5,0
18,11,6,0
18,11,7,0
18,12,0,0
18,12,1,0
18,12,2,0
18,12,3,0
18,12,4,0
18,12,5,0
18,12,6,0
18,12,7,0
18,13,0,0
18,13,1,0
18,13,2,0
18,13,3,0
18,13,4,0
18,13,5,0
18,13,6,0
18,13,7,0
18,14,0,0
18,14,1,0
18,14,2,0
18,14,3,0
18,14,4,0
18,14,5,0
18,14,6,0
18,14,7,0
18,15,0,0
18,15,1,0
18,15,2,0
18,15,3,0
18,15,4,0
18,15,5,0
18,15,6,0
18,15,7,0
18,16,0,0
18,16,1,0
18,16,2,0
18,16,3,0
18,16,4,0
18,16,5,0
18,16,6,0
18,16,7,0
18,17,0,0
18,17,1,0
18,17,2,0
18,17,3,0
18,17,4,0
18,17,5,0
18,17,6,0
18,17,7,0
19,0,0,0
19,0,1,0
19,0,2,0
19,0,3,0
19,0,4,0
19,0,5,0
19,0,6,0
19,0,7,0
19,1,0,0
19,1,1,56.4388
19,1,2,55.8691
19,1,3,55.1624
19,1,4,54.4491
19,1,5,53.7814
19,1,6,53.1727
19,1,7,52.6217
19,2,0,0
19,2,1,55.2866
19,2,2,54.9337
19,2,3,54.4491
19,2,4,53.9131
19,2,5,53.3749
19,2,6,52.8588
19,2,7,52.3742
19,3,0,0
19,3,1,54.3639
19,3,2,54.1268
19,3,3,53.7814
19,3,4,53.3749
19,3,5,52.944
19,3,6,52.5122
19,3,7,52.0926
19,4,0,0
19,4,1,54.1174
19,4,2,53.9045
19,4,3,53.5904
19,4,4,53.2153
19,4,5,52.8122
19,4,6,52.4036
19,4,7,52.0028
19,5,0,0
19,5,1,54.9854
19,5,2,54.675
19,5,3,54.2398
19,5,4,53.7479
19,5,5,53.2449
19,5,6,52.7556
19,5,7,52.2913
19,6,0,0
19,6,1,56.0552
19,6,2,55.5682
19,6,3,54.941
19,6,4,54.2874
19,6,5,53.6614
19,6,6,53.0814
19,6,7,52.5505
19,7,0,0
19,7,1,57.43
19,7,2,56.5882
19,7,3,55.6568
19,7,4,54.7933
19,7,5,54.0291
19,7,6,53.3572
19,7,7,52.7634
19,8,0,0
19,8,1,59.2516
19,8,2,57.645
19,8,3,56.2842
19,8,4,55.1943
19,8,5,54.3032
19,8,6,53.5549
19,8,7,52.9121
19,9,0,0
19,9,1,61.1526
19,9,2,58.3533
19,9,3,56.6339
19,9,4,55.3992
19,9,5,54.4369
19,9,6,53.6488
19,9,7,52.9816
19,10,0,0
19,10,1,61.2986
19,10,2,58.3926
19,10,3,56.6516
19,10,4,55.4092
19,10,5,54.4433
19,10,6,53.6533
19,10,7,52.9849
19,11,0,0
19,11,1,61.321
19,11,2,58.3984
19,11,3,56.6542
19,11,4,55.4106
19,11,5,54.4443
19,11,6,53.6539
19,11,7,52.9854
19,12,0,0
19,12,1,61.2345
19,12,2,58.3756
19,12,3,56.6439
19,12,4,55.4049
19,12,5,54.4405
19,12,6,53.6513
19,12,7,52.9835
19,13,0,0
19,13,1,61.2324
19,13,2,58.375
19,13,3,56.6437
19,13,4,55.4047
19,13,5,54.4405
19,13,6,53.6513
19,13,7,52.9834
19,14,0,0
19,14,1,61.3136
19,14,2,58.3965
19,14,3,56.6533
19,14,4,55.4102
19,14,5,54.444
19,14,6,53.6537
19,14,7,52.9852
19,15,0,0
19,15,1,61.2863
19,15,2,58.3894
19,15,3,56.6501
19,15,4,55.4083
19,15,5,54.4428
19,15,6,53.6529
19,15,7,52.9846
19,16,0,0
19,16,1,61.1543
19,16,2,58.3538
19,16,3,56.6341
19,16,4,55.3993
19,16,5,54.437
19,16,6,53.6489
19,16,7,52.9816
19,17,0,0
19,17,1,0
19,17,2,0
19,17,3,0
19,17,4,0
19,17,5,0
19,17,6,0
19,17,7,0
20,0,0,0
20,0,1,0
20,0,2,0
20,0,3,0
20,0,4,0
20,0,5,0
20,0,6,0
20,0,7,0
20,1,0,0
20,1,1,56.4388
20,1,2,55.8691
20,1,3,55.1624
20,1,4,54.4491
20,1,5,53.7814
20,1,6,53.1727
20,1,7,52.6217
20,2,0,0
20,2,1,55.2866
20,2,2,54.9337
20,2,3,54.4491
20,2,4,53.9131
20,2,5,53.3749
20,2,6,52.8588
20,2,7,52.3742
20,3,0,0
20,3,1,54.3639
20,3,2,54.1268
20,3,3,53.7814
20,3,4,53.3749
20,3,5,52.944
20,3,6,52.5122
20,3,7,52.0926
20,4,0,0
20,4,1,54.0115
20,4,2,53.8083
20,4,3,53.5069
20,4,4,53.1449
20,4,5,52.7536
20,4,6,52.3549
20,4,7,51.9622
20,5,0,0
20,5,1,54.8293
20,5,2,54.5392
20,5,3,54.128
20,5,4,53.6582
20,5,5,53.1735
20,5,6,52.6985
20,5,7,52.245
20,6,0,0
20,6,1,55.8054
20,6,2,55.3663
20,6,3,54.788
20,6,4,54.1732
20,6,5,53.5752
20,6,6,53.0151
20,6,7,52.4984
20,7,0,0
20,7,1,56.9811
20,7,2,56.2737
20,7,3,55.4469
20,7,4,54.6501
20,7,5,53.9273
20,7,6,53.2821
20,7,7,52.706
20,8,0,0
20,8,1,58.3262
20,8,2,57.1543
20,8,3,56.0083
20,8,4,55.0231
20,8,5,54.1881
20,8,6,53.4728
20,8,7,52.8507
20,9,0,0
20,9,1,59.3675
20,9,2,57.6995
20,9,3,56.3131
20,9,4,55.2118
20,9,5,54.3147
20,9,6,53.5631
20,9,7,52.9182
20,10,0,0
20,10,1,59.4279
20,10,2,57.7273
20,10,3,56.3278
20,10,4,55.2206
20,10,5,54.3206
20,10,6,53.5672
20,10,7,52.9213
20,11,0,0
20,11,1,59.4321
20,11,2,57.7293
20,11,3,56.3288
20,11,4,55.2212
20,11,5,54.321
20,11,6,53.5675
20,11,7,52.9215
20,12,0,0
20,12,1,59.3905
20,12,2,57.7101
20,12,3,56.3187
20,12,4,55.2151
20,12,5,54.317
20,12,6,53.5647
20,12,7,52.9194
20,13,0,0
20,13,1,59.387
20,13,2,57.7086
20,13,3,56.3179
20,13,4,55.2146
20,13,5,54.3166
20,13,6,53.5645
20,13,7,52.9192
20,14,0,0
20,14,1,59.4163
20,14,2,57.722
20,14,3,56.325
20,14,4,55.2189
20,14,5,54.3195
20,14,6,53.5664
20,14,7,52.9207
20,15,0,0
20,15,1,59.3998
20,15,2,57.7144
20,15,3,56.321
20,15,4,55.2165
20,15,5,54.3179
20,15,6,53.5653
20,15,7,52.9199
20,16,0,0
20,16,1,59.3386
20,16,2,57.686
20,16,3,56.306
20,16,4,55.2075
20,16,5,54.3119
20,16,6,53.5611
20,16,7,52.9167
20,17,0,0
20,17,1,0
20,17,2,0
20,17,3,0
20,17,4,0
20,17,5,0
20,17,6,0
20,17,7,0
21,0,0,0
21,0,1,0
21,0,2,0
21,0,3,0
21,0,4,0
21,0,5,0
21,0,6,0
21,0,7,0
21,1,0,0
21,1,1,56.4388
21,1,2,55.8691
21,1,3,55.1624
21,1,4,54.4491
21,1,5,53.7814
21,1,6,53.1727
21,1,7,52.6217
21,2,0,0
21,2,1,55.2866
21,2,2,54.9337
21,2,3,54.4491
21,2,4,53.9131
21,2,5,53.3749
21,2,6,52.8588
21,2,7,52.3742
21,3,0,0
21,3,1,54.3639
21,3,2,54.1268
21,3,3,53.7814
21,3,4,53.3749
21,3,5,52.944
21,3,6,52.5122
21,3,7,52.0926
21,4,0,0
21,4,1,53.7791
21,4,2,53.5957
21,4,3,53.3207
21,4,4,52.9862
21,4,5,52.6203
21,4,6,52.2434
21,4,7,51.8688
21,5,0,0
21,5,1,54.4984
21,5,2,54.2469
21,5,3,53.8834
21,5,4,53.4592
21,5,5,53.0128
21,5,6,52.5684
21,5,7,52.1389
21,6,0,0
21,6,1,55.3068
21,6,2,54.9509
21,6,3,54.4629
21,6,4,53.9238
21,6,5,53.3833
21,6,6,52.8654
21,6,7,52.3795
21,7,0,0
21,7,1,56.184
21,7,2,55.6705
21,7,3,55.0172
21,7,4,54.3436
21,7,5,53.7033
21,7,6,53.1135
21,7,7,52.5755
21,8,0,0
21,8,1,57.0211
21,8,2,56.3025
21,8,3,55.4665
21,8,4,54.6637
21,8,5,53.9371
21,8,6,53.2893
21,8,7,52.7116
21,9,0,0
21,9,1,57.5298
21,9,2,56.6554
21,9,3,55.7003
21,9,4,54.8225
21,9,5,54.0495
21,9,6,53.3722
21,9,7,52.7748
21,10,0,0
21,10,1,57.5544
21,10,2,56.6718
21,10,3,55.7109
21,10,4,54.8295
21,10,5,54.0545
21,10,6,53.3758
21,10,7,52.7775
21,11,0,0
21,11,1,57.5541
21,11,2,56.6716
21,11,3,55.7107
21,11,4,54.8294
21,11,5,54.0544
21,11,6,53.3758
21,11,7,52.7775
21,12,0,0
21,12,1,57.5343
21,12,2,56.6584
21,12,3,55.7022
21,12,4,54.8238
21,12,5,54.0504
21,12,6,53.3729
21,12,7,52.7753
21,13,0,0
21,13,1,57.5317
21,13,2,56.6567
21,13,3,55.7012
21,13,4,54.823
21,13,5,54.0499
21,13,6,53.3725
21,13,7,52.775
21,14,0,0
21,14,1,57.542
21,14,2,56.6636
21,14,3,55.7056
21,14,4,54.826
21,14,5,54.052
21,14,6,53.374
21,14,7,52.7762
21,15,0,0
21,15,1,57.5329
21,15,2,56.6575
21,15,3,55.7017
21,15,4,54.8234
21,15,5,54.0502
21,15,6,53.3727
21,15,7,52.7751
21,16,0,0
21,16,1,57.5046
21,16,2,56.6386
21,16,3,55.6895
21,16,4,54.8152
21,16,5,54.0444
21,16,6,53.3685
21,16,7,52.772
21,17,0,0
21,17,1,0
21,17,2,0
21,17,3,0
21,17,4,0
21,17,5,0
21,17,6,0
21,17,7,0
22,0,0,0
22,0,1,0
22,0,2,0
22,0,3,0
22,0,4,0
22,0,5,0
22,0,6,0
22,0,7,0
22,1,0,0
22,1,1,56.4388
22,1,2,55.8691
22,1,3,55.1624
22,1,4,54.4491
22,1,5,53.7814
22,1,6,53.1727
22,1,7,52.6217
22,2,0,0
22,2,1,55.2866
22,2,2,54.9337
22,2,3,54.4491
22,2,4,53.9131
22,2,5,53.3749
22,2,6,52.8588
22,2,7,52.3742
22,3,0,0
22,3,1,54.3639
22,3,2,54.1268
22,3,3,53.7814
22,3,4,53.3749
22,3,5,52.944
22,3,6,52.5122
22,3,7,52.0926
22,4,0,0
22,4,1,53.5978
22,4,2,53.4285
22,4,3,53.1727
22,4,4,52.8588
22,4,5,52.5122
22,4,6,52.1521
22,4,7,51.7917
22,5,0,0
22,5,1,54.0609
22,5,2,53.8532
22,5,3,53.5459
22,5,4,53.1779
22,5,5,52.7811
22,5,6,52.3778
22,5,7,51.9813
22,6,0,0
22,6,1,54.6976
22,6,2,54.4235
22,6,3,54.0318
22,6,4,53.5804
22,6,5,53.111
22,6,6,52.6481
22,6,7,52.2041
22,7,0,0
22,7,1,55.3252
22,7,2,54.9665
22,7,3,54.4753
22,7,4,53.9335
22,7,5,53.3908
22,7,6,52.8714
22,7,7,52.3843
22,8,0,0
22,8,1,55.852
22,8,2,55.4043
22,8,3,54.8171
22,8,4,54.1951
22,8,5,53.5918
22,8,6,53.028
22,8,7,52.5085
22,9,0,0
22,9,1,56.1343
22,9,2,55.6311
22,9,3,54.988
22,9,4,54.3221
22,9,5,53.6873
22,9,6,53.1013
22,9,7,52.566
22,10,0,0
22,10,1,56.1466
22,10,2,55.6409
22,10,3,54.9953
22,10,4,54.3275
22,10,5,53.6913
22,10,6,53.1043
22,10,7,52.5684
22,11,0,0
22,11,1,56.1453
22,11,2,55.6399
22,11,3,54.9945
22,11,4,54.3269
22,11,5,53.6909
22,11,6,53.104
22,11,7,52.5681
22,12,0,0
22,12,1,56.1338
22,12,2,55.6308
22,12,3,54.9877
22,12,4,54.3219
22,12,5,53.6872
22,12,6,53.1012
22,12,7,52.5659
22,13,0,0
22,13,1,56.1319
22,13,2,55.6293
22,13,3,54.9866
22,13,4,54.3211
22,13,5,53.6866
22,13,6,53.1007
22,13,7,52.5656
22,14,0,0
22,14,1,56.1362
22,14,2,55.6327
22,14,3,54.9891
22,14,4,54.323
22,14,5,53.6879
22,14,6,53.1018
22,14,7,52.5664
22,15,0,0
22,15,1,56.1303
22,15,2,55.628
22,15,3,54.9857
22,15,4,54.3204
22,15,5,53.686
22,15,6,53.1003
22,15,7,52.5652
22,16,0,0
22,16,1,56.4388
22,16,2,55.8691
22,16,3,55.1624
22,16,4,54.4491
22,16,5,53.7814
22,16,6,53.1727
22,16,7,52.6217
22,17,0,0
22,17,1,0
22,17,2,0
22,17,3,0
22,17,4,0
22,17,5,0
22,17,6,0
22,17,7,0
23,0,0,0
23,0,1,0
23,0,2,0
23,0,3,0
23,0,4,0
23,0,5,0
23,0,6,0
23,0,7,0
23,1,0,0
23,1,1,56.4388
23,1,2,55.8691
23,1,3,55.1624
23,1,4,54.4491
23,1,5,53.7814
23,1,6,53.1727
23,1,7,52.6217
23,2,0,0
23,2,1,55.2866
23,2,2,54.9337
23,2,3,54.4491
23,2,4,53.9131
23,2,5,53.3749
23,2,6,52.8588
23,2,7,52.3742
23,3,0,0
23,3,1,54.3639
23,3,2,54.1268
23,3,3,53.7814
23,3,4,53.3749
23,3,5,52.944
23,3,6,52.5122
23,3,7,52.0926
23,4,0,0
23,4,1,53.5978
23,4,2,53.4285
23,4,3,53.1727
23,4,4,52.8588
23,4,5,52.5122
23,4,6,52.1521
23,4,7,51.7917
23,5,0,0
23,5,1,53.5774
23,5,2,53.4096
23,5,3,53.156
23,5,4,52.8443
23,5,5,52.4998
23,5,6,52.1416
23,5,7,51.7828
23,6,0,0
23,6,1,54.0712
23,6,2,53.8626
23,6,3,53.5541
23,6,4,53.1847
23,6,5,52.7868
23,6,6,52.3825
23,6,7,51.9852
23,7,0,0
23,7,1,54.5238
23,7,2,54.2696
23,7,3,53.9026
23,7,4,53.4749
23,7,5,53.0256
23,7,6,52.5789
23,7,7,52.1475
23,8,0,0
23,8,1,54.8739
23,8,2,54.5781
23,8,3,54.1602
23,8,4,53.6841
23,8,5,53.1942
23,8,6,52.7151
23,8,7,52.2585
23,9,0,0
23,9,1,55.0495
23,9,2,54.7306
23,9,3,54.2852
23,9,4,53.7839
23,9,5,53.2735
23,9,6,52.7784
23,9,7,52.3097
23,10,0,0
23,10,1,55.0567
23,10,2,54.7368
23,10,3,54.2902
23,10,4,53.7879
23,10,5,53.2766
23,10,6,52.7809
23,10,7,52.3117
23,11,0,0
23,11,1,55.0552
23,11,2,54.7355
23,11,3,54.2891
23,11,4,53.7871
23,11,5,53.276
23,11,6,52.7804
23,11,7,52.3113
23,12,0,0
23,12,1,55.0476
23,12,2,54.7289
23,12,3,54.2838
23,12,4,53.7828
23,12,5,53.2726
23,12,6,52.7777
23,12,7,52.3091
23,13,0,0
23,13,1,55.0461
23,13,2,54.7276
23,13,3,54.2827
23,13,4,53.782
23,13,5,53.2719
23,13,6,52.7772
23,13,7,52.3087
23,14,0,0
23,14,1,55.048
23,14,2,54.7292
23,14,3,54.2841
23,14,4,53.7831
23,14,5,53.2728
23,14,6,52.7779
23,14,7,52.3093
23,15,0,0
23,15,1,55.2866
23,15,2,54.9337
23,15,3,54.4491
23,15,4,53.9131
23,15,5,53.3749
23,15,6,52.8588
23,15,7,52.3742
23,16,0,0
23,16,1,56.4388
23,16,2,55.8691
23,16,3,55.1624
23,16,4,54.4491
23,16,5,53.7814
23,16,6,53.1727
23,16,7,52.6217
23,17,0,0
23,17,1,0
23,17,2,0
23,17,3,0
23,17,4,0
23,17,5,0
23,17,6,0
23,17,7,0
24,0,0,0
24,0,1,0
24,0,2,0
24,0,3,0
24,0,4,0
24,0,5,0
24,0,6,0
24,0,7,0
24,1,0,0
24,1,1,56.4388
24,1,2,55.8691
24,1,3,55.1624
24,1,4,54.4491
24,1,5,53.7814
24,1,6,53.1727
24,1,7,52.6217
24,2,0,0
24,2,1,55.2866
24,2,2,54.9337
24,2,3,54.4491
24,2,4,53.9131
24,2,5,53.3749
24,2,6,52.8588
24,2,7,52.3742
24,3,0,0
24,3,1,54.3639
24,3,2,54.1268
24,3,3,53.7814
24,3,4,53.3749
24,3,5,52.944
24,3,6,52.5122
24,3,7,52.0926
24,4,0,0
24,4,1,53.5978
24,4,2,53.4285
24,4,3,53.1727
24,4,4,52.8588
24,4,5,52.5122
24,4,6,52.1521
24,4,7,51.7917
24,5,0,0
24,5,1,53.0874
24,5,2,52.9525
24,5,3,52.7447
24,5,4,52.4837
24,5,5,52.1885
24,5,6,51.8749
24,5,7,51.5547
24,6,0,0
24,6,1,53.472
24,6,2,53.3119
24,6,3,53.0688
24,6,4,52.7685
24,6,5,52.435
24,6,6,52.0866
24,6,7,51.736
24,7,0,0
24,7,1,53.8065
24,7,2,53.6208
24,7,3,53.3428
24,7,4,53.0052
24,7,5,52.6363
24,7,6,52.2569
24,7,7,51.8801
24,8,0,0
24,8,1,54.0523
24,8,2,53.8454
24,8,3,53.5392
24,8,4,53.1721
24,8,5,52.7763
24,8,6,52.3738
24,8,7,51.978
24,9,0,0
24,9,1,54.171
24,9,2,53.9531
24,9,3,53.6324
24,9,4,53.2506
24,9,5,52.8415
24,9,6,52.4278
24,9,7,52.0229
24,10,0,0
24,10,1,54.1756
24,10,2,53.9572
24,10,3,53.6359
24,10,4,53.2536
24,10,5,52.844
24,10,6,52.4299
24,10,7,52.0246
24,11,0,0
24,11,1,54.1741
24,11,2,53.9559
24,11,3,53.6348
24,11,4,53.2526
24,11,5,52.8432
24,11,6,52.4292
24,11,7,52.024
24,12,0,0
24,12,1,54.1686
24,12,2,53.9509
24,12,3,53.6305
24,12,4,53.249
24,12,5,52.8402
24,12,6,52.4267
24,12,7,52.022
24,13,0,0
24,13,1,54.1674
24,13,2,53.9498
24,13,3,53.6295
24,13,4,53.2482
24,13,5,52.8395
24,13,6,52.4262
24,13,7,52.0215
24,14,0,0
24,14,1,54.3639
24,14,2,54.1268
24,14,3,53.7814
24,14,4,53.3749
24,14,5,52.944
24,14,6,52.5122
24,14,7,52.0926
24,15,0,0
24,15,1,55.2866
24,15,2,54.9337
24,15,3,54.4491
24,15,4,53.9131
24,15,5,53.3749
24,15,6,52.8588
24,15,7,52.3742
24,16,0,0
24,16,1,56.4388
24,16,2,55.8691
24,16,3,55.1624
24,16,4,54.4491
24,16,5,53.7814
24,16,6,53.1727
24,16,7,52.6217
24,17,0,0
24,17,1,0
24,17,2,0
24,17,3,0
24,17,4,0
24,17,5,0
24,17,6,0
24,17,7,0
25,0,0,0
25,0,1,0
25,0,2,0
25,0,3,0
25,0,4,0
25,0,5,0
25,0,6,0
25,0,7,0
25,1,0,0
25,1,1,56.4388
25,1,2,55.8691
25,1,3,55.1624
25,1,4,54.4491
25,1,5,53.7814
25,1,6,53.1727
25,1,7,52.6217
25,2,0,0
25,2,1,55.2866
25,2,2,54.9337
25,2,3,54.4491
25,2,4,53.9131
25,2,5,53.3749
25,2,6,52.8588
25,2,7,52.3742
25,3,0,0
25,3,1,54.3639
25,3,2,54.1268
25,3,3,53.7814
25,3,4,53.3749
25,3,5,52.944
25,3,6,52.5122
25,3,7,52.0926
25,4,0,0
25,4,1,53.5978
25,4,2,53.4285
25,4,3,53.1727
25,4,4,52.8588
25,4,5,52.5122
25,4,6,52.1521
25,4,7,51.7917
25,5,0,0
25,5,1,52.944
25,5,2,52.8174
25,5,3,52.6217
25,5,4,52.3742
25,5,5,52.0926
25,5,6,51.7917
25,5,7,51.4827
25,6,0,0
25,6,1,52.944
25,6,2,52.8174
25,6,3,52.6217
25,6,4,52.3742
25,6,5,52.0926
25,6,6,51.7917
25,6,7,51.4827
25,7,0,0
25,7,1,53.1696
25,7,2,53.0297
25,7,3,52.8148
25,7,4,52.5457
25,7,5,52.2425
25,7,6,51.9216
25,7,7,51.5949
25,8,0,0
25,8,1,53.3503
25,8,2,53.1986
25,8,3,52.9672
25,8,4,52.6798
25,8,5,52.3587
25,8,6,52.0214
25,8,7,51.6805
25,9,0,0
25,9,1,53.4356
25,9,2,53.278
25,9,3,53.0385
25,9,4,52.7421
25,9,5,52.4123
25,9,6,52.0673
25,9,7,51.7196
25,10,0,0
25,10,1,53.4386
25,10,2,53.2809
25,10,3,53.041
25,10,4,52.7443
25,10,5,52.4142
25,10,6,52.0689
25,10,7,51.721
25,11,0,0
25,11,1,53.4373
25,11,2,53.2796
25,11,3,53.0399
25,11,4,52.7434
25,11,5,52.4134
25,11,6,52.0682
25,11,7,51.7204
25,12,0,0
25,12,1,53.433
25,12,2,53.2756
25,12,3,53.0363
25,12,4,52.7403
25,12,5,52.4107
25,12,6,52.0659
25,12,7,51.7184
25,13,0,0
25,13,1,53.5978
25,13,2,53.4285
25,13,3,53.1727
25,13,4,52.8588
25,13,5,52.5122
25,13,6,52.1521
25,13,7,51.7917
25,14,0,0
25,14,1,54.3639
25,14,2,54.1268
25,14,3,53.7814
25,14,4,53.3749
25,14,5,52.944
25,14,6,52.5122
25,14,7,52.0926
25,15,0,0
25,15,1,55.2866
25,15,2,54.9337
25,15,3,54.4491
25,15,4,53.9131
25,15,5,53.3749
25,15,6,52.8588
25,15,7,52.3742
25,16,0,0
25,16,1,56.4388
25,16,2,55.8691
25,16,3,55.1624
25,16,4,54.4491
25,16,5,53.7814
25,16,6,53.1727
25,16,7,52.6217
25,17,0,0
25,17,1,0
25,17,2,0
25,17,3,0
25,17,4,0
25,17,5,0
25,17,6,0
25,17,7,0
26,0,0,0
26,0,1,0
26,0,2,0
26,0,3,0
26,0,4,0
26,0,5,0
26,0,6,0
26,0,7,0
26,1,0,0
26,1,1,56.4388
26,1,2,55.8691
26,1,3,55.1624
26,1,4,54.4491
26,1,5,53.7814
26,1,6,53.1727
26,1,7,52.6217
26,2,0,0
26,2,1,55.2866
26,2,2,54.9337
26,2,3,54.4491
26,2,4,53.9131
26,2,5,53.3749
26,2,6,52.8588
26,2,7,52.3742
26,3,0,0
26,3,1,54.3639
26,3,2,54.1268
26,3,3,53.7814
26,3,4,53.3749
26,3,5,52.944
26,3,6,52.5122
26,3,7,52.0926
26,4,0,0
26,4,1,53.5978
26,4,2,53.4285
26,4,3,53.1727
26,4,4,52.8588
26,4,5,52.5122
26,4,6,52.1521
26,4,7,51.7917
26,5,0,0
26,5,1,53.5978
26,5,2,53.4285
26,5,3,53.1727
26,5,4,52.8588
26,5,5,52.5122
26,5,6,52.1521
26,5,7,51.7917
26,6,0,0
26,6,1,53.5978
26,6,2,53.4285
26,6,3,53.1727
26,6,4,52.8588
26,6,5,52.5122
26,6,6,52.1521
26,6,7,51.7917
26,7,0,0
26,7,1,53.5978
26,7,2,53.4285
26,7,3,53.1727
26,7,4,52.8588
26,7,5,52.5122
26,7,6,52.1521
26,7,7,51.7917
26,8,0,0
26,8,1,53.5978
26,8,2,53.4285
26,8,3,53.1727
26,8,4,52.8588
26,8,5,52.5122
26,8,6,52.1521
26,8,7,51.7917
26,9,0,0
26,9,1,53.5978
26,9,2,53.4285
26,9,3,53.1727
26,9,4,52.8588
26,9,5,52.5122
26,9,6,52.1521
26,9,7,51.7917
26,10,0,0
26,10,1,53.5978
26,10,2,53.4285
26,10,3,53.1727
26,10,4,52.8588
26,10,5,52.5122
26,10,6,52.1521
26,10,7,51.7917
26,11,0,0
26,11,1,53.5978
26,11,2,53.4285
26,11,3,53.1727
26,11,4,52.8588
26,11,5,52.5122
26,11,6,52.1521
26,11,7,51.7917
26,12,0,0
26,12,1,53.5978
26,12,2,53.4285
26,12,3,53.1727
26,12,4,52.8588
26,12,5,52.5122
26,12,6,52.1521
26,12,7,51.7917
26,13,0,0
26,13,1,53.5978
26,13,2,53.4285
26,13,3,53.1727
26,13,4,52.8588
26,13,5,52.5122
26,13,6,52.1521
26,13,7,51.7917
26,14,0,0
26,14,1,54.3639
26,14,2,54.1268
26,14,3,53.7814
26,14,4,53.3749
26,14,5,52.944
26,14,6,52.5122
26,14,7,52.0926
26,15,0,0
26,15,1,55.2866
26,15,2,54.9337
26,15,3,54.4491
26,15,4,53.9131
26,15,5,53.3749
26,15,6,52.8588
26,15,7,52.3742
26,16,0,0
26,16,1,56.4388
26,16,2,55.8691
26,16,3,55.1624
26,16,4,54.4491
26,16,5,53.7814
26,16,6,53.1727
26,16,7,52.6217
26,17,0,0
26,17,1,0
26,17,2,0
26,17,3,0
26,17,4,0
26,17,5,0
26,17,6,0
26,17,7,0
27,0,0,0
27,0,1,0
27,0,2,0
27,0,3,0
27,0,4,0
27,0,5,0
27,0,6,0
27,0,7,0
27,1,0,0
27,1,1,56.4388
27,1,2,55.8691
27,1,3,55.1624
27,1,4,54.4491
27,1,5,53.7814
27,1,6,53.1727
27,1,7,52.6217
27,2,0,0
27,2,1,55.2866
27,2,2,54.9337
27,2,3,54.4491
27,2,4,53.9131
27,2,5,53.3749
27,2,6,52.8588
27,2,7,52.3742
27,3,0,0
27,3,1,54.3639
27,3,2,54.1268
27,3,3,53.7814
27,3,4,53.3749
27,3,5,52.944
27,3,6,52.5122
27,3,7,52.0926
27,4,0,0
27,4,1,54.3639
27,4,2,54.1268
27,4,3,53.7814
27,4,4,53.3749
27,4,5,52.944
27,4,6,52.5122
27,4,7,52.0926
27,5,0,0
27,5,1,54.3639
27,5,2,54.1268
27,5,3,53.7814
27,5,4,53.3749
27,5,5,52.944
27,5,6,52.5122
27,5,7,52.0926
27,6,0,0
27,6,1,54.3639
27,6,2,54.1268
27,6,3,53.7814
27,6,4,53.3749
27,6,5,52.944
27,6,6,52.5122
27,6,7,52.0926
27,7,0,0
27,7,1,54.3639
27,7,2,54.1268
27,7,3,53.7814
27,7,4,53.3749
27,7,5,52.944
27,7,6,52.5122
27,7,7,52.0926
27,8,0,0
27,8,1,54.3639
27,8,2,54.1268
27,8,3,53.7814
27,8,4,53.3749
27,8,5,52.944
27,8,6,52.5122
27,8,7,52.0926
27,9,0,0
27,9,1,54.3639
27,9,2,54.1268
27,9,3,53.7814
27,9,4,53.3749
27,9,5,52.944
27,9,6,52.5122
27,9,7,52.0926
27,10,0,0
27,10,1,54.3639
27,10,2,54.1268
27,10,3,53.7814
27,10,4,53.3749
27,10,5,52.944
27,10,6,52.5122
27,10,7,52.0926
27,11,0,0
27,11,1,54.3639
27,11,2,54.1268
27,11,3,53.7814
27,11,4,53.3749
27,11,5,52.944
27,11,6,52.5122
27,11,7,52.0926
27,12,0,0
27,12,1,54.3639
27,12,2,54.1268
27,12,3,53.7814
27,12,4,53.3749
27,12,5,52.944
27,12,6,52.5122
27,12,7,52.0926
27,13,0,0
27,13,1,54.3639
27,13,2,54.1268
27,13,3,53.7814
27,13,4,53.3749
27,13,5,52.944
27,13,6,52.5122
27,13,7,52.0926
27,14,0,0
27,14,1,54.3639
27,14,2,54.1268
27,14,3,53.7814
27,14,4,53.3749
27,14,5,52.944
27,14,6,52.5122
27,14,7,52.0926
27,15,0,0
27,15,1,55.2866
27,15,2,54.9337
27,15,3,54.4491
27,15,4,53.9131
27,15,5,53.3749
27,15,6,52.8588
27,15,7,52.3742
27,16,0,0
27,16,1,56.4388
27,16,2,55.8691
27,16,3,55.1624
27,16,4,54.4491
27,16,5,53.7814
27,16,6,53.1727
27,16,7,52.6217
27,17,0,0
27,17,1,0
27,17,2,0
27,17,3,0
27,17,4,0
27,17,5,0
27,17,6,0
27,17,7,0
28,0,0,0
28,0,1,0
28,0,2,0
28,0,3,0
28,0,4,0
28,0,5,0
28,0,6,0
28,0,7,0
28,1,0,0
28,1,1,56.4388
28,1,2,55.8691
28,1,3,55.1624
28,1,4,54.4491
28,1,5,53.7814
28,1,6,53.1727
28,1,7,52.6217
28,2,0,0
28,2,1,55.2866
28,2,2,54.9337
28,2,3,54.4491
28,2,4,53.9131
28,2,5,53.3749
28,2,6,52.8588
28,2,7,52.3742
28,3,0,0
28,3,1,55.2866
28,3,2,54.9337
28,3,3,54.4491
28,3,4,53.9131
28,3,5,53.3749
28,3,6,52.8588
28,3,7,52.3742
28,4,0,0
28,4,1,55.2866
28,4,2,54.9337
28,4,3,54.4491
28,4,4,53.9131
28,4,5,53.3749
28,4,6,52.8588
28,4,7,52.3742
28,5,0,0
28,5,1,55.2866
28,5,2,54.9337
28,5,3,54.4491
28,5,4,53.9131
28,5,5,53.3749
28,5,6,52.8588
28,5,7,52.3742
28,6,0,0
28,6,1,55.2866
28,6,2,54.9337
28,6,3,54.4491
28,6,4,53.9131
28,6,5,53.3749
28,6,6,52.8588
28,6,7,52.3742
28,7,0,0
28,7,1,55.2866
28,7,2,54.9337
28,7,3,54.4491
28,7,4,53.9131
28,7,5,53.3749
28,7,6,52.8588
28,7,7,52.3742
28,8,0,0
28,8,1,55.2866
28,8,2,54.9337
28,8,3,54.4491
28,8,4,53.9131
28,8,5,53.3749
28,8,6,52.8588
28,8,7,52.3742
28,9,0,0
28,9,1,55.2866
28,9,2,54.9337
28,9,3,54.4491
28,9,4,53.9131
28,9,5,53.3749
28,9,6,52.8588
28,9,7,52.3742
28,10,0,0
28,10,1,55.2866
28,10,2,54.9337
28,10,3,54.4491
28,10,4,53.9131
28,10,5,53.3749
28,10,6,52.8588
28,10,7,52.3742
28,11,0,0
28,11,1,55.2866
28,11,2,54.9337
28,11,3,54.4491
28,11,4,53.9131
28,11,5,53.3749
28,11,6,52.8588
28,11,7,52.3742
28,12,0,0
28,12,1,55.2866
28,12,2,54.9337
28,12,3,54.4491
28,12,4,53.9131
28,12,5,53.3749
28,12,6,52.8588
28,12,7,52.3742
28,13,0,0
28,13,1,55.2866
28,13,2,54.9337
28,13,3,54.4491
28,13,4,53.9131
28,13,5,53.3749
28,13,6,52.8588
28,13,7,52.3742
28,14,0,0
28,14,1,55.2866
28,14,2,54.9337
28,14,3,54.4491
28,14,4,53.9131
28,14,5,53.3749
28,14,6,52.8588
28,14,7,52.3742
28,15,0,0
28,15,1,55.2866
28,15,2,54.9337
28,15,3,54.4491
28,15,4,53.9131
28,15,5,53.3749
28,15,6,52.8588
28,15,7,52.3742
28,16,0,0
28,16,1,56.4388
28,16,2,55.8691
28,16,3,55.1624
28,16,4,54.4491
28,16,5,53.7814
28,16,6,53.1727
28,16,7,52.6217
28,17,0,0
28,17,1,0
28,17,2,0
28,17,3,0
28,17,4,0
28,17,5,0
28,17,6,0
28,17,7,0
29,0,0,0
29,0,1,0
29,0,2,0
29,0,3,0
29,0,4,0
29,0,5,0
29,0,6,0
29,0,7,0
29,1,0,0
29,1,1,56.4388
29,1,2,55.8691
29,1,3,55.1624
29,1,4,54.4491
29,1,5,53.7814
29,1,6,53.1727
29,1,7,52.6217
29,2,0,0
29,2,1,56.4388
29,2,2,55.8691
29,2,3,55.1624
29,2,4,54.4491
29,2,5,53.7814
29,2,6,53.1727
29,2,7,52.6217
29,3,0,0
29,3,1,56.4388
29,3,2,55.8691
29,3,3,55.1624
29,3,4,54.4491
29,3,5,53.7814
29,3,6,53.1727
29,3,7,52.6217
29,4,0,0
29,4,1,56.4388
29,4,2,55.8691
29,4,3,55.1624
29,4,4,54.4491
29,4,5,53.7814
29,4,6,53.1727
29,4,7,52.6217
29,5,0,0
29,5,1,56.4388
29,5,2,55.8691
29,5,3,55.1624
29,5,4,54.4491
29,5,5,53.7814
29,5,6,53.1727
29,5,7,52.6217
29,6,0,0
29,6,1,56.4388
29,6,2,55.8691
29,6,3,55.1624
29,6,4,54.4491
29,6,5,53.7814
29,6,6,53.1727
29,6,7,52.6217
29,7,0,0
29,7,1,56.4388
29,7,2,55.8691
29,7,3,55.1624
29,7,4,54.4491
29,7,5,53.7814
29,7,6,53.1727
29,7,7,52.6217
29,8,0,0
29,8,1,56.4388
29,8,2,55.8691
29,8,3,55.1624
29,8,4,54.4491
29,8,5,53.7814
29,8,6,53.1727
29,8,7,52.6217
29,9,0,0
29,9,1,56.4388
29,9,2,55.8691
29,9,3,55.1624
29,9,4,54.4491
29,9,5,53.7814
29,9,6,53.1727
29,9,7,52.6217
29,10,0,0
29,10,1,56.4388
29,10,2,55.8691
29,10,3,55.1624
29,10,4,54.4491
29,10,5,53.7814
29,10,6,53.1727
29,10,7,52.6217
29,11,0,0
29,11,1,56.4388
29,11,2,55.8691
29,11,3,55.1624
29,11,4,54.4491
29,11,5,53.7814
29,11,6,53.1727
29,11,7,52.6217
29,12,0,0
29,12,1,56.4388
29,12,2,55.8691
29,12,3,55.1624
29,12,4,54.4491
29,12,5,53.7814
29,12,6,53.1727
29,12,7,52.6217
29,13,0,0
29,13,1,56.4388
29,13,2,55.8691
29,13,3,55.1624
29,13,4,54.4491
29,13,5,53.7814
29,13,6,53.1727
29,13,7,52.6217
29,14,0,0
29,14,1,56.4388
29,14,2,55.8691
29,14,3,55.1624
29,14,4,54.4491
29,14,5,53.7814
29,14,6,53.1727
29,14,7,52.6217
29,15,0,0
29,15,1,56.4388
29,15,2,55.8691
29,15,3,55.1624
29,15,4,54.4491
29,15,5,53.7814
29,15,6,53.1727
29,15,7,52.6217
29,16,0,0
29,16,1,56.4388
29,16,2,55.8691
29,16,3,55.1624
29,16,4,54.4491
29,16,5,53.7814
29,16,6,53.1727
29,16,7,52.6217
29,17,0,0
29,17,1,0
29,17,2,0
29,17,3,0
29,17,4,0
29,17,5,0
29,17,6,0
29,17,7,0
30,0,0,0
30,0,1,0
30,0,2,0
30,0,3,0
30,0,4,0
30,0,5,0
30,0,6,0
30,0,7,0
30,1,0,0
30,1,1,57.944
30,1,2,56.9234
30,1,3,55.8691
30,1,4,54.9337
30,1,5,54.1268
30,1,6,53.4285
30,1,7,52.8174
30,2,0,0
30,2,1,57.944
30,2,2,56.9234
30,2,3,55.8691
30,2,4,54.9337
30,2,5,54.1268
30,2,6,53.4285
30,2,7,52.8174
30,3,0,0
30,3,1,57.944
30,3,2,56.9234
30,3,3,55.8691
30,3,4,54.9337
30,3,5,54.1268
30,3,6,53.4285
30,3,7,52.8174
30,4,0,0
30,4,1,57.944
30,4,2,56.9234
30,4,3,55.8691
30,4,4,54.9337
30,4,5,54.1268
30,4,6,53.4285
30,4,7,52.8174
30,5,0,0
30,5,1,57.944
30,5,2,56.9234
30,5,3,55.8691
30,5,4,54.9337
30,5,5,54.1268
30,5,6,53.4285
30,5,7,52.8174
30,6,0,0
30,6,1,57.944
30,6,2,56.9234
30,6,3,55.8691
30,6,4,54.9337
30,6,5,54.1268
30,6,6,53.4285
30,6,7,52.8174
30,7,0,0
30,7,1,57.944
30,7,2,56.9234
30,7,3,55.8691
30,7,4,54.9337
30,7,5,54.1268
30,7,6,53.4285
30,7,7,52.8174
30,8,0,0
30,8,1,57.944
30,8,2,56.9234
30,8,3,55.8691
30,8,4,54.9337
30,8,5,54.1268
30,8,6,53.4285
30,8,7,52.8174
30,9,0,0
30,9,1,57.944
30,9,2,56.9234
30,9,3,55.8691
30,9,4,54.9337
30,9,5,54.1268
30,9,6,53.4285
30,9,7,52.8174
30,10,0,0
30,10,1,57.944
30,10,2,56.9234
30,10,3,55.8691
30,10,4,54.9337
30,10,5,54.1268
30,10,6,53.4285
30,10,7,52.8174
30,11,0,0
30,11,1,57.944
30,11,2,56.9234
30,11,3,55.8691
30,11,4,54.9337
30,11,5,54.1268
30,11,6,53.4285
30,11,7,52.8174
30,12,0,0
30,12,1,57.944
30,12,2,56.9234
30,12,3,55.8691
30,12,4,54.9337
30,12,5,54.1268
30,12,6,53.4285
30,12,7,52.8174
30,13,0,0
30,13,1,57.944
30,13,2,56.9234
30,13,3,55.8691
30,13,4,54.9337
30,13,5,54.1268
30,13,6,53.4285
30,13,7,52.8174
30,14,0,0
30,14,1,57.944
30,14,2,56.9234
30,14,3,55.8691
30,14,4,54.9337
30,14,5,54.1268
30,14,6,53.4285
30,14,7,52.8174
30,15,0,0
30,15,1,57.944
30,15,2,56.9234
30,15,3,55.8691
30,15,4,54.9337
30,15,5,54.1268
30,15,6,53.4285
30,15,7,52.8174
30,16,0,0
30,16,1,57.944
30,16,2,56.9234
30,16,3,55.8691
30,16,4,54.9337
30,16,5,54.1268
30,16,6,53.4285
30,16,7,52.8174
30,17,0,0
30,17,1,0
30,17,2,0
30,17,3,0
30,17,4,0
30,17,5,0
30,17,6,0
30,17,7,0
