minbound,shape,unit
-40,31,5
-100,18,5
0,8,5

IX,IY,IZ,value
0,0,0,0
0,0,1,0
0,0,2,0
0,0,3,0
0,0,4,0
0,0,5,0
0,0,6,0
0,0,7,0
0,1,0,0
0,1,1,0
0,1,2,0
0,1,3,0
0,1,4,0
0,1,5,0
0,1,6,0
0,1,7,0
0,2,0,0
0,2,1,0
0,2,2,0
0,2,3,0
0,2,4,0
0,2,5,0
0,2,6,0
0,2,7,0
0,3,0,0
0,3,1,0
0,3,2,0
0,3,3,0
0,3,4,0
0,3,5,0
0,3,6,0
0,3,7,0
0,4,0,0
0,4,1,0
0,4,2,0
0,4,3,0
0,4,4,0
0,4,5,0
0,4,6,0
0,4,7,0
0,5,0,0
0,5,1,0
0,5,2,0
0,5,3,0
0,5,4,0
0,5,5,0
0,5,6,0
0,5,7,0
0,6,0,0
0,6,1,0
0,6,2,0
0,6,3,0
0,6,4,0
0,6,5,0
0,6,6,0
0,6,7,0
0,7,0,0
0,7,1,0
0,7,2,0
0,7,3,0
0,7,4,0
0,7,5,0
0,7,6,0
0,7,7,0
0,8,0,0
0,8,1,0
0,8,2,0
0,8,3,0
0,8,4,0
0,8,5,0
0,8,6,0
0,8,7,0
0,9,0,0
0,9,1,0
0,9,2,0
0,9,3,0
0,9,4,0
0,9,5,0
0,9,6,0
0,9,7,0
0,10,0,0
0,10,1,0
0,10,2,0
0,10,3,0
0,10,4,0
0,10,5,0
0,10,6,0
0,10,7,0
0,11,0,0
0,11,1,0
0,11,2,0
0,11,3,0
0,11,4,0
0,11,5,0
0,11,6,0
0,11,7,0
0,12,0,0
0,12,1,0
0,12,2,0
0,12,3,0
0,12,4,0
0,12,5,0
0,12,6,0
0,12,7,0
0,13,0,0
0,13,1,0
0,13,2,0
0,13,3,0
0,13,4,0
0,13,5,0
0,13,6,0
0,13,7,0
0,14,0,0
0,14,1,0
0,14,2,0
0,14,3,0
0,14,4,0
0,14,5,0
0,14,6,0
0,14,7,0
0,15,0,0
0,15,1,0
0,15,2,0
0,15,3,0
0,15,4,0
0,15,5,0
0,15,6,0
0,15,7,0
0,16,0,0
0,16,1,0
0,16,2,0
0,16,3,0
0,16,4,0
0,16,5,0
0,16,6,0
0,16,7,0
0,17,0,0
0,17,1,0
0,17,2,0
0,17,3,0
0,17,4,0
0,17,5,0
0,17,6,0
0,17,7,0
1,0,0,0
1,0,1,0
1,0,2,0
1,0,3,0
1,0,4,0
1,0,5,0
1,0,6,0
1,0,7,0
1,1,0,0
1,1,1,0
1,1,2,0
1,1,3,0
1,1,4,0
1,1,5,0
1,1,6,0
1,1,7,0
1,2,0,0
1,2,1,0.857143
1,2,2,0.714286
1,2,3,0.571429
1,2,4,0.428571
1,2,5,0.285714
1,2,6,0.142857
1,2,7,0
1,3,0,0
1,3,1,0.857143
1,3,2,0.714286
1,3,3,0.571429
1,3,4,0.428571
1,3,5,0.285714
1,3,6,0.142857
1,3,7,0
1,4,0,0
1,4,1,0.857143
1,4,2,0.714286
1,4,3,0.571429
1,4,4,0.428571
1,4,5,0.285714
1,4,6,0.142857
1,4,7,0
1,5,0,0
1,5,1,0.857143
1,5,2,0.714286
1,5,3,0.571429
1,5,4,0.428571
1,5,5,0.285714
1,5,6,0.142857
1,5,7,0
1,6,0,0
1,6,1,0.857143
1,6,2,0.714286
1,6,3,0.571429
1,6,4,0.428571
1,6,5,0.285714
1,6,6,0.142857
1,6,7,0
1,7,0,0
1,7,1,0.857143
1,7,2,0.714286
1,7,3,0.571429
1,7,4,0.428571
1,7,5,0.285714
1,7,6,0.142857
1,7,7,0
1,8,0,0
1,8,1,0.857143
1,8,2,0.714286
1,8,3,0.571429
1,8,4,0.428571
1,8,5,0.285714
1,8,6,0.142857
1,8,7,0
1,9,0,0
1,9,1,0.857143
1,9,2,0.714286
1,9,3,0.571429
1,9,4,0.428571
1,9,5,0.285714
1,9,6,0.142857
1,9,7,0
1,10,0,0
1,10,1,0.857143
1,10,2,0.714286
1,10,3,0.571429
1,10,4,0.428571
1,10,5,0.285714
1,10,6,0.142857
1,10,7,0
1,11,0,0
1,11,1,0.857143
1,11,2,0.714286
1,11,3,0.571429
1,11,4,0.428571
1,11,5,0.285714
1,11,6,0.142857
1,11,7,0
1,12,0,0
1,12,1,0.857143
1,12,2,0.714286
1,12,3,0.571429
1,12,4,0.428571
1,12,5,0.285714
1,12,6,0.142857
1,12,7,0
1,13,0,0
1,13,1,0.857143
1,13,2,0.714286
1,13,3,0.571429
1,13,4,0.428571
1,13,5,0.285714
1,13,6,0.142857
1,13,7,0
1,14,0,0
1,14,1,0.857143
1,14,2,0.714286
1,14,3,0.571429
1,14,4,0.428571
1,14,5,0.285714
1,14,6,0.142857
1,14,7,0
1,15,0,0
1,15,1,0
1,15,2,0
1,15,3,0
1,15,4,0
1,15,5,0
1,15,6,0
1,15,7,0
1,16,0,0
1,16,1,0
1,16,2,0
1,16,3,0
1,16,4,0
1,16,5,0
1,16,6,0
1,16,7,0
1,17,0,0
1,17,1,0
1,17,2,0
1,17,3,0
1,17,4,0
1,17,5,0
1,17,6,0
1,17,7,0
2,0,0,0
2,0,1,0
2,0,2,0
2,0,3,0
2,0,4,0
2,0,5,0
2,0,6,0
2,0,7,0
2,1,0,0
2,1,1,0
2,1,2,0
2,1,3,0
2,1,4,0
2,1,5,0
2,1,6,0
2,1,7,0
2,2,0,0
2,2,1,0.857143
2,2,2,0.714286
2,2,3,0.571429
2,2,4,0.428571
2,2,5,0.285714
2,2,6,0.142857
2,2,7,0
2,3,0,0
2,3,1,0.857143
2,3,2,0.714286
2,3,3,0.571429
2,3,4,0.428571
2,3,5,0.285714
2,3,6,0.142857
2,3,7,0
2,4,0,0
2,4,1,0.857143
2,4,2,0.714286
2,4,3,0.571429
2,4,4,0.428571
2,4,5,0.285714
2,4,6,0.142857
2,4,7,0
2,5,0,0
2,5,1,0.857143
2,5,2,0.714286
2,5,3,0.571429
2,5,4,0.428571
2,5,5,0.285714
2,5,6,0.142857
2,5,7,0
2,6,0,0
2,6,1,0.857143
2,6,2,0.714286
2,6,3,0.571429
2,6,4,0.428571
2,6,5,0.285714
2,6,6,0.142857
2,6,7,0
2,7,0,0
2,7,1,0.857143
2,7,2,0.714286
2,7,3,0.571429
2,7,4,0.428571
2,7,5,0.285714
2,7,6,0.142857
2,7,7,0
2,8,0,0
2,8,1,0.857143
2,8,2,0.714286
2,8,3,0.571429
2,8,4,0.428571
2,8,5,0.285714
2,8,6,0.142857
2,8,7,0
2,9,0,0
2,9,1,0.857143
2,9,2,0.714286
2,9,3,0.571429
2,9,4,0.428571
2,9,5,0.285714
2,9,6,0.142857
2,9,7,0
2,10,0,0
2,10,1,0.857143
2,10,2,0.714286
2,10,3,0.571429
2,10,4,0.428571
2,10,5,0.285714
2,10,6,0.142857
2,10,7,0
2,11,0,0
2,11,1,0.857143
2,11,2,0.714286
2,11,3,0.571429
2,11,4,0.428571
2,11,5,0.285714
2,11,6,0.142857
2,11,7,0
2,12,0,0
2,12,1,0.857143
2,12,2,0.714286
2,12,3,0.571429
2,12,4,0.428571
2,12,5,0.285714
2,12,6,0.142857
2,12,7,0
2,13,0,0
2,13,1,0.857143
2,13,2,0.714286
2,13,3,0.571429
2,13,4,0.428571
2,13,5,0.285714
2,13,6,0.142857
2,13,7,0
2,14,0,0
2,14,1,0.857143
2,14,2,0.714286
2,14,3,0.571429
2,14,4,0.428571
2,14,5,0.285714
2,14,6,0.142857
2,14,7,0
2,15,0,0
2,15,1,0.857143
2,15,2,0.714286
2,15,3,0.571429
2,15,4,0.428571
2,15,5,0.285714
2,15,6,0.142857
2,15,7,0
2,16,0,0
2,16,1,0.857143
2,16,2,0.714286
2,16,3,0.571429
2,16,4,0.428571
2,16,5,0.285714
2,16,6,0.142857
2,16,7,0
2,17,0,0
2,17,1,0
2,17,2,0
2,17,3,0
2,17,4,0
2,17,5,0
2,17,6,0
2,17,7,0
3,0,0,0
3,0,1,0
3,0,2,0
3,0,3,0
3,0,4,0
3,0,5,0
3,0,6,0
3,0,7,0
3,1,0,0
3,1,1,0
3,1,2,0
3,1,3,0
3,1,4,0
3,1,5,0
3,1,6,0
3,1,7,0
3,2,0,0
3,2,1,0.857143
3,2,2,0.714286
3,2,3,0.571429
3,2,4,0.428571
3,2,5,0.285714
3,2,6,0.142857
3,2,7,0
3,3,0,0
3,3,1,0.857143
3,3,2,0.714286
3,3,3,0.571429
3,3,4,0.428571
3,3,5,0.285714
3,3,6,0.142857
3,3,7,0
3,4,0,0
3,4,1,0.857143
3,4,2,0.714286
3,4,3,0.571429
3,4,4,0.428571
3,4,5,0.285714
3,4,6,0.142857
3,4,7,0
3,5,0,0
3,5,1,0.857143
3,5,2,0.714286
3,5,3,0.571429
3,5,4,0.428571
3,5,5,0.285714
3,5,6,0.142857
3,5,7,0
3,6,0,0
3,6,1,0.857143
3,6,2,0.714286
3,6,3,0.571429
3,6,4,0.428571
3,6,5,0.285714
3,6,6,0.142857
3,6,7,0
3,7,0,0
3,7,1,0.857143
3,7,2,0.714286
3,7,3,0.571429
3,7,4,0.428571
3,7,5,0.285714
3,7,6,0.142857
3,7,7,0
3,8,0,0
3,8,1,0.857143
3,8,2,0.714286
3,8,3,0.571429
3,8,4,0.428571
3,8,5,0.285714
3,8,6,0.142857
3,8,7,0
3,9,0,0
3,9,1,0.857143
3,9,2,0.714286
3,9,3,0.571429
3,9,4,0.428571
3,9,5,0.285714
3,9,6,0.142857
3,9,7,0
3,10,0,0
3,10,1,0.857143
3,10,2,0.714286
3,10,3,0.571429
3,10,4,0.428571
3,10,5,0.285714
3,10,6,0.142857
3,10,7,0
3,11,0,0
3,11,1,0.857143
3,11,2,0.714286
3,11,3,0.571429
3,11,4,0.428571
3,11,5,0.285714
3,11,6,0.142857
3,11,7,0
3,12,0,0
3,12,1,0.857143
3,12,2,0.714286
3,12,3,0.571429
3,12,4,0.428571
3,12,5,0.285714
3,12,6,0.142857
3,12,7,0
3,13,0,0
3,13,1,0.857143
3,13,2,0.714286
3,13,3,0.571429
3,13,4,0.428571
3,13,5,0.285714
3,13,6,0.142857
3,13,7,0
3,14,0,0
3,14,1,0.857143
3,14,2,0.714286
3,14,3,0.571429
3,14,4,0.428571
3,14,5,0.285714
3,14,6,0.142857
3,14,7,0
3,15,0,0
3,15,1,0.857143
3,15,2,0.714286
3,15,3,0.571429
3,15,4,0.428571
3,15,5,0.285714
3,15,6,0.142857
3,15,7,0
3,16,0,0
3,16,1,0.857143
3,16,2,0.714286
3,16,3,0.571429
3,16,4,0.428571
3,16,5,0.285714
3,16,6,0.142857
3,16,7,0
3,17,0,0
3,17,1,0
3,17,2,0
3,17,3,0
3,17,4,0
3,17,5,0
3,17,6,0
3,17,7,0
4,0,0,0
4,0,1,0
4,0,2,0
4,0,3,0
4,0,4,0
4,0,5,0
4,0,6,0
4,0,7,0
4,1,0,0
4,1,1,0
4,1,2,0
4,1,3,0
4,1,4,0
4,1,5,0
4,1,6,0
4,1,7,0
4,2,0,0
4,2,1,0.857143
4,2,2,0.714286
4,2,3,0.571429
4,2,4,0.428571
4,2,5,0.285714
4,2,6,0.142857
4,2,7,0
4,3,0,0
4,3,1,0.857143
4,3,2,0.714286
4,3,3,0.571429
4,3,4,0.428571
4,3,5,0.285714
4,3,6,0.142857
4,3,7,0
4,4,0,0
4,4,1,0.857143
4,4,2,0.714286
4,4,3,0.571429
4,4,4,0.428571
4,4,5,0.285714
4,4,6,0.142857
4,4,7,0
4,5,0,0
4,5,1,0.857143
4,5,2,0.714286
4,5,3,0.571429
4,5,4,0.428571
4,5,5,0.285714
4,5,6,0.142857
4,5,7,0
4,6,0,0
4,6,1,0.857143
4,6,2,0.714286
4,6,3,0.571429
4,6,4,0.428571
4,6,5,0.285714
4,6,6,0.142857
4,6,7,0
4,7,0,0
4,7,1,0.857143
4,7,2,0.714286
4,7,3,0.571429
4,7,4,0.428571
4,7,5,0.285714
4,7,6,0.142857
4,7,7,0
4,8,0,0
4,8,1,0.857143
4,8,2,0.714286
4,8,3,0.571429
4,8,4,0.428571
4,8,5,0.285714
4,8,6,0.142857
4,8,7,0
4,9,0,0
4,9,1,0.857143
4,9,2,0.714286
4,9,3,0.571429
4,9,4,0.428571
4,9,5,0.285714
4,9,6,0.142857
4,9,7,0
4,10,0,0
4,10,1,0.857143
4,10,2,0.714286
4,10,3,0.571429
4,10,4,0.428571
4,10,5,0.285714
4,10,6,0.142857
4,10,7,0
4,11,0,0
4,11,1,0.857143
4,11,2,0.714286
4,11,3,0.571429
4,11,4,0.428571
4,11,5,0.285714
4,11,6,0.142857
4,11,7,0
4,12,0,0
4,12,1,0.857143
4,12,2,0.714286
4,12,3,0.571429
4,12,4,0.428571
4,12,5,0.285714
4,12,6,0.142857
4,12,7,0
4,13,0,0
4,13,1,0.857143
4,13,2,0.714286
4,13,3,0.571429
4,13,4,0.428571
4,13,5,0.285714
4,13,6,0.142857
4,13,7,0
4,14,0,0
4,14,1,0.857143
4,14,2,0.714286
4,14,3,0.571429
4,14,4,0.428571
4,14,5,0.285714
4,14,6,0.142857
4,14,7,0
4,15,0,0
4,15,1,0.857143
4,15,2,0.714286
4,15,3,0.571429
4,15,4,0.428571
4,15,5,0.285714
4,15,6,0.142857
4,15,7,0
4,16,0,0
4,16,1,0.857143
4,16,2,0.714286
4,16,3,0.571429
4,16,4,0.428571
4,16,5,0.285714
4,16,6,0.142857
4,16,7,0
4,17,0,0
4,17,1,0
4,17,2,0
4,17,3,0
4,17,4,0
4,17,5,0
4,17,6,0
4,17,7,0
5,0,0,0
5,0,1,0
5,0,2,0
5,0,3,0
5,0,4,0
5,0,5,0
5,0,6,0
5,0,7,0
5,1,0,0
5,1,1,0.857143
5,1,2,0.714286
5,1,3,0.571429
5,1,4,0.428571
5,1,5,0.285714
5,1,6,0.142857
5,1,7,0
5,2,0,0
5,2,1,0.857143
5,2,2,0.714286
5,2,3,0.571429
5,2,4,0.428571
5,2,5,0.285714
5,2,6,0.142857
5,2,7,0
5,3,0,0
5,3,1,0.857143
5,3,2,0.714286
5,3,3,0.571429
5,3,4,0.428571
5,3,5,0.285714
5,3,6,0.142857
5,3,7,0
5,4,0,0
5,4,1,0.857143
5,4,2,0.714286
5,4,3,0.571429
5,4,4,0.428571
5,4,5,0.285714
5,4,6,0.142857
5,4,7,0
5,5,0,0
5,5,1,0.857143
5,5,2,0.714286
5,5,3,0.571429
5,5,4,0.428571
5,5,5,0.285714
5,5,6,0.142857
5,5,7,0
5,6,0,0
5,6,1,0.857143
5,6,2,0.714286
5,6,3,0.571429
5,6,4,0.428571
5,6,5,0.285714
5,6,6,0.142857
5,6,7,0
5,7,0,0
5,7,1,0.857143
5,7,2,0.714286
5,7,3,0.571429
5,7,4,0.428571
5,7,5,0.285714
5,7,6,0.142857
5,7,7,0
5,8,0,0
5,8,1,0.857143
5,8,2,0.714286
5,8,3,0.571429
5,8,4,0.428571
5,8,5,0.285714
5,8,6,0.142857
5,8,7,0
5,9,0,0
5,9,1,0.857143
5,9,2,0.714286
5,9,3,0.571429
5,9,4,0.428571
5,9,5,0.285714
5,9,6,0.142857
5,9,7,0
5,10,0,0
5,10,1,0.857143
5,10,2,0.714286
5,10,3,0.571429
5,10,4,0.428571
5,10,5,0.285714
5,10,6,0.142857
5,10,7,0
5,11,0,0
5,11,1,0.857143
5,11,2,0.714286
5,11,3,0.571429
5,11,4,0.428571
5,11,5,0.285714
5,11,6,0.142857
5,11,7,0
5,12,0,0
5,12,1,0.857143
5,12,2,0.714286
5,12,3,0.571429
5,12,4,0.428571
5,12,5,0.285714
5,12,6,0.142857
5,12,7,0
5,13,0,0
5,13,1,0.857143
5,13,2,0.714286
5,13,3,0.571429
5,13,4,0.428571
5,13,5,0.285714
5,13,6,0.142857
5,13,7,0
5,14,0,0
5,14,1,0.857143
5,14,2,0.714286
5,14,3,0.571429
5,14,4,0.428571
5,14,5,0.285714
5,14,6,0.142857
5,14,7,0
5,15,0,0
5,15,1,0.857143
5,15,2,0.714286
5,15,3,0.571429
5,15,4,0.428571
5,15,5,0.285714
5,15,6,0.142857
5,15,7,0
5,16,0,0
5,16,1,0.857143
5,16,2,0.714286
5,16,3,0.571429
5,16,4,0.428571
5,16,5,0.285714
5,16,6,0.142857
5,16,7,0
5,17,0,0
5,17,1,0
5,17,2,0
5,17,3,0
5,17,4,0
5,17,5,0
5,17,6,0
5,17,7,0
6,0,0,0
6,0,1,0
6,0,2,0
6,0,3,0
6,0,4,0
6,0,5,0
6,0,6,0
6,0,7,0
6,1,0,0
6,1,1,0.857143
6,1,2,0.714286
6,1,3,0.571429
6,1,4,0.428571
6,1,5,0.285714
6,1,6,0.142857
6,1,7,0
6,2,0,0
6,2,1,0.857143
6,2,2,0.714286
6,2,3,0.571429
6,2,4,0.428571
6,2,5,0.285714
6,2,6,0.142857
6,2,7,0
6,3,0,0
6,3,1,0.857143
6,3,2,0.714286
6,3,3,0.571429
6,3,4,0.428571
6,3,5,0.285714
6,3,6,0.142857
6,3,7,0
6,4,0,0
6,4,1,0.857143
6,4,2,0.714286
6,4,3,0.571429
6,4,4,0.428571
6,4,5,0.285714
6,4,6,0.142857
6,4,7,0
6,5,0,0
6,5,1,0.857143
6,5,2,0.714286
6,5,3,0.571429
6,5,4,0.428571
6,5,5,0.285714
6,5,6,0.142857
6,5,7,0
6,6,0,0
6,6,1,0.857143
6,6,2,0.714286
6,6,3,0.571429
6,6,4,0.428571
6,6,5,0.285714
6,6,6,0.142857
6,6,7,0
6,7,0,0
6,7,1,0.857143
6,7,2,0.714286
6,7,3,0.571429
6,7,4,0.428571
6,7,5,0.285714
6,7,6,0.142857
6,7,7,0
6,8,0,0
6,8,1,0.857143
6,8,2,0.714286
6,8,3,0.571429
6,8,4,0.428571
6,8,5,0.285714
6,8,6,0.142857
6,8,7,0
6,9,0,0
6,9,1,0.857143
6,9,2,0.714286
6,9,3,0.571429
6,9,4,0.428571
6,9,5,0.285714
6,9,6,0.142857
6,9,7,0
6,10,0,0
6,10,1,0.857143
6,10,2,0.714286
6,10,3,0.571429
6,10,4,0.428571
6,10,5,0.285714
6,10,6,0.142857
6,10,7,0
6,11,0,0
6,11,1,0.857143
6,11,2,0.714286
6,11,3,0.571429
6,11,4,0.428571
6,11,5,0.285714
6,11,6,0.142857
6,11,7,0
6,12,0,0
6,12,1,0.857143
6,12,2,0.714286
6,12,3,0.571429
6,12,4,0.428571
6,12,5,0.285714
6,12,6,0.142857
6,12,7,0
6,13,0,0
6,13,1,0.857143
6,13,2,0.714286
6,13,3,0.571429
6,13,4,0.428571
6,13,5,0.285714
6,13,6,0.142857
6,13,7,0
6,14,0,0
6,14,1,0.857143
6,14,2,0.714286
6,14,3,0.571429
6,14,4,0.428571
6,14,5,0.285714
6,14,6,0.142857
6,14,7,0
6,15,0,0
6,15,1,0.857143
6,15,2,0.714286
6,15,3,0.571429
6,15,4,0.428571
6,15,5,0.285714
6,15,6,0.142857
6,15,7,0
6,16,0,0
6,16,1,0.857143
6,16,2,0.714286
6,16,3,0.571429
6,16,4,0.428571
6,16,5,0.285714
6,16,6,0.142857
6,16,7,0
6,17,0,0
6,17,1,0
6,17,2,0
6,17,3,0
6,17,4,0
6,17,5,0
6,17,6,0
6,17,7,0
7,0,0,0
7,0,1,0
7,0,2,0
7,0,3,0
7,0,4,0
7,0,5,0
7,0,6,0
7,0,7,0
7,1,0,0
7,1,1,0.857143
7,1,2,0.714286
7,1,3,0.571429
7,1,4,0.428571
7,1,5,0.285714
7,1,6,0.142857
7,1,7,0
7,2,0,0
7,2,1,0.857143
7,2,2,0.714286
7,2,3,0.571429
7,2,4,0.428571
7,2,5,0.285714
7,2,6,0.142857
7,2,7,0
7,3,0,0
7,3,1,0.857143
7,3,2,0.714286
7,3,3,0.571429
7,3,4,0.428571
7,3,5,0.285714
7,3,6,0.142857
7,3,7,0
7,4,0,0
7,4,1,0.857143
7,4,2,0.714286
7,4,3,0.571429
7,4,4,0.428571
7,4,5,0.285714
7,4,6,0.142857
7,4,7,0
7,5,0,0
7,5,1,0.857143
7,5,2,0.714286
7,5,3,0.571429
7,5,4,0.428571
7,5,5,0.285714
7,5,6,0.142857
7,5,7,0
7,6,0,0
7,6,1,0.857143
7,6,2,0.714286
7,6,3,0.571429
7,6,4,0.428571
7,6,5,0.285714
7,6,6,0.142857
7,6,7,0
7,7,0,0
7,7,1,0.857143
7,7,2,0.714286
7,7,3,0.571429
7,7,4,0.428571
7,7,5,0.285714
7,7,6,0.142857
7,7,7,0
7,8,0,0
7,8,1,0.857143
7,8,2,0.714286
7,8,3,0.571429
7,8,4,0.428571
7,8,5,0.285714
7,8,6,0.142857
7,8,7,0
7,9,0,0
7,9,1,0.857143
7,9,2,0.714286
7,9,3,0.571429
7,9,4,0.428571
7,9,5,0.285714
7,9,6,0.142857
7,9,7,0
7,10,0,0
7,10,1,0.857143
7,10,2,0.714286
7,10,3,0.571429
7,10,4,0.428571
7,10,5,0.285714
7,10,6,0.142857
7,10,7,0
7,11,0,0
7,11,1,0.857143
7,11,2,0.714286
7,11,3,0.571429
7,11,4,0.428571
7,11,5,0.285714
7,11,6,0.142857
7,11,7,0
7,12,0,0
7,12,1,0.857143
7,12,2,0.714286
7,12,3,0.571429
7,12,4,0.428571
7,12,5,0.285714
7,12,6,0.142857
7,12,7,0
7,13,0,0
7,13,1,0.857143
7,13,2,0.714286
7,13,3,0.571429
7,13,4,0.428571
7,13,5,0.285714
7,13,6,0.142857
7,13,7,0
7,14,0,0
7,14,1,0.857143
7,14,2,0.714286
7,14,3,0.571429
7,14,4,0.428571
7,14,5,0.285714
7,14,6,0.142857
7,14,7,0
7,15,0,0
7,15,1,0.857143
7,15,2,0.714286
7,15,3,0.571429
7,15,4,0.428571
7,15,5,0.285714
7,15,6,0.142857
7,15,7,0
7,16,0,0
7,16,1,0.857143
7,16,2,0.714286
7,16,3,0.571429
7,16,4,0.428571
7,16,5,0.285714
7,16,6,0.142857
7,16,7,0
7,17,0,0
7,17,1,0
7,17,2,0
7,17,3,0
7,17,4,0
7,17,5,0
7,17,6,0
7,17,7,0
8,0,0,0
8,0,1,0
8,0,2,0
8,0,3,0
8,0,4,0
8,0,5,0
8,0,6,0
8,0,7,0
8,1,0,0
8,1,1,0.857143
8,1,2,0.714286
8,1,3,0.571429
8,1,4,0.428571
8,1,5,0.285714
8,1,6,0.142857
8,1,7,0
8,2,0,0
8,2,1,0.857143
8,2,2,0.714286
8,2,3,0.571429
8,2,4,0.428571
8,2,5,0.285714
8,2,6,0.142857
8,2,7,0
8,3,0,0
8,3,1,0.857143
8,3,2,0.714286
8,3,3,0.571429
8,3,4,0.428571
8,3,5,0.285714
8,3,6,0.142857
8,3,7,0
8,4,0,0
8,4,1,0.857143
8,4,2,0.714286
8,4,3,0.571429
8,4,4,0.428571
8,4,5,0.285714
8,4,6,0.142857
8,4,7,0
8,5,0,0
8,5,1,0.857143
8,5,2,0.714286
8,5,3,0.571429
8,5,4,0.428571
8,5,5,0.285714
8,5,6,0.142857
8,5,7,0
8,6,0,0
8,6,1,0.857143
8,6,2,0.714286
8,6,3,0.571429
8,6,4,0.428571
8,6,5,0.285714
8,6,6,0.142857
8,6,7,0
8,7,0,0
8,7,1,0.857143
8,7,2,0.714286
8,7,3,0.571429
8,7,4,0.428571
8,7,5,0.285714
8,7,6,0.142857
8,7,7,0
8,8,0,0
8,8,1,0.857143
8,8,2,0.714286
8,8,3,0.571429
8,8,4,0.428571
8,8,5,0.285714
8,8,6,0.142857
8,8,7,0
8,9,0,0
8,9,1,0.857143
8,9,2,0.714286
8,9,3,0.571429
8,9,4,0.428571
8,9,5,0.285714
8,9,6,0.142857
8,9,7,0
8,10,0,0
8,10,1,0.857143
8,10,2,0.714286
8,10,3,0.571429
8,10,4,0.428571
8,10,5,0.285714
8,10,6,0.142857
8,10,7,0
8,11,0,0
8,11,1,0.857143
8,11,2,0.714286
8,11,3,0.571429
8,11,4,0.428571
8,11,5,0.285714
8,11,6,0.142857
8,11,7,0
8,12,0,0
8,12,1,0.857143
8,12,2,0.714286
8,12,3,0.571429
8,12,4,0.428571
8,12,5,0.285714
8,12,6,0.142857
8,12,7,0
8,13,0,0
8,13,1,0.857143
8,13,2,0.714286
8,13,3,0.571429
8,13,4,0.428571
8,13,5,0.285714
8,13,6,0.142857
8,13,7,0
8,14,0,0
8,14,1,0.857143
8,14,2,0.714286
8,14,3,0.571429
8,14,4,0.428571
8,14,5,0.285714
8,14,6,0.142857
8,14,7,0
8,15,0,0
8,15,1,0.857143
8,15,2,0.714286
8,15,3,0.571429
8,15,4,0.428571
8,15,5,0.285714
8,15,6,0.142857
8,15,7,0
8,16,0,0
8,16,1,0.857143
8,16,2,0.714286
8,16,3,0.571429
8,16,4,0.428571
8,16,5,0.285714
8,16,6,0.142857
8,16,7,0
8,17,0,0
8,17,1,0
8,17,2,0
8,17,3,0
8,17,4,0
8,17,5,0
8,17,6,0
8,17,7,0
9,0,0,0
9,0,1,0
9,0,2,0
9,0,3,0
9,0,4,0
9,0,5,0
9,0,6,0
9,0,7,0
9,1,0,0
9,1,1,0.857143
9,1,2,0.714286
9,1,3,0.571429
9,1,4,0.428571
9,1,5,0.285714
9,1,6,0.142857
9,1,7,0
9,2,0,0
9,2,1,0.857143
9,2,2,0.714286
9,2,3,0.571429
9,2,4,0.428571
9,2,5,0.285714
9,2,6,0.142857
9,2,7,0
9,3,0,0
9,3,1,0.857143
9,3,2,0.714286
9,3,3,0.571429
9,3,4,0.428571
9,3,5,0.285714
9,3,6,0.142857
9,3,7,0
9,4,0,0
9,4,1,0.857143
9,4,2,0.714286
9,4,3,0.571429
9,4,4,0.428571
9,4,5,0.285714
9,4,6,0.142857
9,4,7,0
9,5,0,0
9,5,1,0.857143
9,5,2,0.714286
9,5,3,0.571429
9,5,4,0.428571
9,5,5,0.285714
9,5,6,0.142857
9,5,7,0
9,6,0,0
9,6,1,0.857143
9,6,2,0.714286
9,6,3,0.571429
9,6,4,0.428571
9,6,5,0.285714
9,6,6,0.142857
9,6,7,0
9,7,0,0
9,7,1,0.857143
9,7,2,0.714286
9,7,3,0.571429
9,7,4,0.428571
9,7,5,0.285714
9,7,6,0.142857
9,7,7,0
9,8,0,0
9,8,1,0.857143
9,8,2,0.714286
9,8,3,0.571429
9,8,4,0.428571
9,8,5,0.285714
9,8,6,0.142857
9,8,7,0
9,9,0,0
9,9,1,0.857143
9,9,2,0.714286
9,9,3,0.571429
9,9,4,0.428571
9,9,5,0.285714
9,9,6,0.142857
9,9,7,0
9,10,0,0
9,10,1,0
9,10,2,0
9,10,3,0
9,10,4,0
9,10,5,0
9,10,6,0
9,10,7,0
9,11,0,0
9,11,1,0
9,11,2,0
9,11,3,0
9,11,4,0
9,11,5,0
9,11,6,0
9,11,7,0
9,12,0,0
9,12,1,0
9,12,2,0
9,12,3,0
9,12,4,0
9,12,5,0
9,12,6,0
9,12,7,0
9,13,0,0
9,13,1,0
9,13,2,0
9,13,3,0
9,13,4,0
9,13,5,0
9,13,6,0
9,13,7,0
9,14,0,0
9,14,1,0
9,14,2,0
9,14,3,0
9,14,4,0
9,14,5,0
9,14,6,0
9,14,7,0
9,15,0,0
9,15,1,0
9,15,2,0
9,15,3,0
9,15,4,0
9,15,5,0
9,15,6,0
9,15,7,0
9,16,0,0
9,16,1,0
9,16,2,0
9,16,3,0
9,16,4,0
9,16,5,0
9,16,6,0
9,16,7,0
9,17,0,0
9,17,1,0
9,17,2,0
9,17,3,0
9,17,4,0
9,17,5,0
9,17,6,0
9,17,7,0
10,0,0,0
10,0,1,0
10,0,2,0
10,0,3,0
10,0,4,0
10,0,5,0
10,0,6,0
10,0,7,0
10,1,0,0
10,1,1,0.857143
10,1,2,0.714286
10,1,3,0.571429
10,1,4,0.428571
10,1,5,0.285714
10,1,6,0.142857
10,1,7,0
10,2,0,0
10,2,1,0.857143
10,2,2,0.714286
10,2,3,0.571429
10,2,4,0.428571
10,2,5,0.285714
10,2,6,0.142857
10,2,7,0
10,3,0,0
10,3,1,0.857143
10,3,2,0.714286
10,3,3,0.571429
10,3,4,0.428571
10,3,5,0.285714
10,3,6,0.142857
10,3,7,0
10,4,0,0
10,4,1,0.857143
10,4,2,0.714286
10,4,3,0.571429
10,4,4,0.428571
10,4,5,0.285714
10,4,6,0.142857
10,4,7,0
10,5,0,0
10,5,1,0.857143
10,5,2,0.714286
10,5,3,0.571429
10,5,4,0.428571
10,5,5,0.285714
10,5,6,0.142857
10,5,7,0
10,6,0,0
10,6,1,0.857143
10,6,2,0.714286
10,6,3,0.571429
10,6,4,0.428571
10,6,5,0.285714
10,6,6,0.142857
10,6,7,0
10,7,0,0
10,7,1,0.857143
10,7,2,0.714286
10,7,3,0.571429
10,7,4,0.428571
10,7,5,0.285714
10,7,6,0.142857
10,7,7,0
10,8,0,0
10,8,1,0.857143
10,8,2,0.714286
10,8,3,0.571429
10,8,4,0.428571
10,8,5,0.285714
10,8,6,0.142857
10,8,7,0
10,9,0,0
10,9,1,0.857143
10,9,2,0.714286
10,9,3,0.571429
10,9,4,0.428571
10,9,5,0.285714
10,9,6,0.142857
10,9,7,0
10,10,0,0
10,10,1,0
10,10,2,0
10,10,3,0
10,10,4,0
10,10,5,0
10,10,6,0
10,10,7,0
10,11,0,0
10,11,1,0
10,11,2,0
10,11,3,0
10,11,4,0
10,11,5,0
10,11,6,0
10,11,7,0
10,12,0,0
10,12,1,0
10,12,2,0
10,12,3,0
10,12,4,0
10,12,5,0
10,12,6,0
10,12,7,0
10,13,0,0
10,13,1,0
10,13,2,0
10,13,3,0
10,13,4,0
10,13,5,0
10,13,6,0
10,13,7,0
10,14,0,0
10,14,1,0
10,14,2,0
10,14,3,0
10,14,4,0
10,14,5,0
10,14,6,0
10,14,7,0
10,15,0,0
10,15,1,0
10,15,2,0
10,15,3,0
10,15,4,0
10,15,5,0
10,15,6,0
10,15,7,0
10,16,0,0
10,16,1,0
10,16,2,0
10,16,3,0
10,16,4,0
10,16,5,0
10,16,6,0
10,16,7,0
10,17,0,0
10,17,1,0
10,17,2,0
10,17,3,0
10,17,4,0
10,17,5,0
10,17,6,0
10,17,7,0
11,0,0,0
11,0,1,0
11,0,2,0
11,0,3,0
11,0,4,0
11,0,5,0
11,0,6,0
11,0,7,0
11,1,0,0
11,1,1,0.857143
11,1,2,0.714286
11,1,3,0.571429
11,1,4,0.428571
11,1,5,0.285714
11,1,6,0.142857
11,1,7,0
11,2,0,0
11,2,1,0.857143
11,2,2,0.714286
11,2,3,0.571429
11,2,4,0.428571
11,2,5,0.285714
11,2,6,0.142857
11,2,7,0
11,3,0,0
11,3,1,0.857143
11,3,2,0.714286
11,3,3,0.571429
11,3,4,0.428571
11,3,5,0.285714
11,3,6,0.142857
11,3,7,0
11,4,0,0
11,4,1,0.857143
11,4,2,0.714286
11,4,3,0.571429
11,4,4,0.428571
11,4,5,0.285714
11,4,6,0.142857
11,4,7,0
11,5,0,0
11,5,1,0.857143
11,5,2,0.714286
11,5,3,0.571429
11,5,4,0.428571
11,5,5,0.285714
11,5,6,0.142857
11,5,7,0
11,6,0,0
11,6,1,0.857143
11,6,2,0.714286
11,6,3,0.571429
11,6,4,0.428571
11,6,5,0.285714
11,6,6,0.142857
11,6,7,0
11,7,0,0
11,7,1,0.857143
11,7,2,0.714286
11,7,3,0.571429
11,7,4,0.428571
11,7,5,0.285714
11,7,6,0.142857
11,7,7,0
11,8,0,0
11,8,1,0.857143
11,8,2,0.714286
11,8,3,0.571429
11,8,4,0.428571
11,8,5,0.285714
11,8,6,0.142857
11,8,7,0
11,9,0,0
11,9,1,0.857143
11,9,2,0.714286
11,9,3,0.571429
11,9,4,0.428571
11,9,5,0.285714
11,9,6,0.142857
11,9,7,0
11,10,0,0
11,10,1,0
11,10,2,0
11,10,3,0
11,10,4,0
11,10,5,0
11,10,6,0
11,10,7,0
11,11,0,0
11,11,1,0
11,11,2,0
11,11,3,0
11,11,4,0
11,11,5,0
11,11,6,0
11,11,7,0
11,12,0,0
11,12,1,0
11,12,2,0
11,12,3,0
11,12,4,0
11,12,5,0
11,12,6,0
11,12,7,0
11,13,0,0
11,13,1,0
11,13,2,0
11,13,3,0
11,13,4,0
11,13,5,0
11,13,6,0
11,13,7,0
11,14,0,0
11,14,1,0
11,14,2,0
11,14,3,0
11,14,4,0
11,14,5,0
11,14,6,0
11,14,7,0
11,15,0,0
11,15,1,0
11,15,2,0
11,15,3,0
11,15,4,0
11,15,5,0
11,15,6,0
11,15,7,0
11,16,0,0
11,16,1,0
11,16,2,0
11,16,3,0
11,16,4,0
11,16,5,0
11,16,6,0
11,16,7,0
11,17,0,0
11,17,1,0
11,17,2,0
11,17,3,0
11,17,4,0
11,17,5,0
11,17,6,0
11,17,7,0
12,0,0,0
12,0,1,0
12,0,2,0
12,0,3,0
12,0,4,0
12,0,5,0
12,0,6,0
12,0,7,0
12,1,0,0
12,1,1,0.857143
12,1,2,0.714286
12,1,3,0.571429
12,1,4,0.428571
12,1,5,0.285714
12,1,6,0.142857
12,1,7,0
12,2,0,0
12,2,1,0.857143
12,2,2,0.714286
12,2,3,0.571429
12,2,4,0.428571
12,2,5,0.285714
12,2,6,0.142857
12,2,7,0
12,3,0,0
12,3,1,0.857143
12,3,2,0.714286
12,3,3,0.571429
12,3,4,0.428571
12,3,5,0.285714
12,3,6,0.142857
12,3,7,0
12,4,0,0
12,4,1,0.857143
12,4,2,0.714286
12,4,3,0.571429
12,4,4,0.428571
12,4,5,0.285714
12,4,6,0.142857
12,4,7,0
12,5,0,0
12,5,1,0.857143
12,5,2,0.714286
12,5,3,0.571429
12,5,4,0.428571
12,5,5,0.285714
12,5,6,0.142857
12,5,7,0
12,6,0,0
12,6,1,0.857143
12,6,2,0.714286
12,6,3,0.571429
12,6,4,0.428571
12,6,5,0.285714
12,6,6,0.142857
12,6,7,0
12,7,0,0
12,7,1,0.857143
12,7,2,0.714286
12,7,3,0.571429
12,7,4,0.428571
12,7,5,0.285714
12,7,6,0.142857
12,7,7,0
12,8,0,0
12,8,1,0.857143
12,8,2,0.714286
12,8,3,0.571429
12,8,4,0.428571
12,8,5,0.285714
12,8,6,0.142857
12,8,7,0
12,9,0,0
12,9,1,0.857143
12,9,2,0.714286
12,9,3,0.571429
12,9,4,0.428571
12,9,5,0.285714
12,9,6,0.142857
12,9,7,0
12,10,0,0
12,10,1,0
12,10,2,0
12,10,3,0
12,10,4,0
12,10,5,0
12,10,6,0
12,10,7,0
12,11,0,0
12,11,1,0
12,11,2,0
12,11,3,0
12,11,4,0
12,11,5,0
12,11,6,0
12,11,7,0
12,12,0,0
12,12,1,0
12,12,2,0
12,12,3,0
12,12,4,0
12,12,5,0
12,12,6,0
12,12,7,0
12,13,0,0
12,13,1,0
12,13,2,0
12,13,3,0
12,13,4,0
12,13,5,0
12,13,6,0
12,13,7,0
12,14,0,0
12,14,1,0
12,14,2,0
12,14,3,0
12,14,4,0
12,14,5,0
12,14,6,0
12,14,7,0
12,15,0,0
12,15,1,0
12,15,2,0
12,15,3,0
12,15,4,0
12,15,5,0
12,15,6,0
12,15,7,0
12,16,0,0
12,16,1,0
12,16,2,0
12,16,3,0
12,16,4,0
12,16,5,0
12,16,6,0
12,16,7,0
12,17,0,0
12,17,1,0
12,17,2,0
12,17,3,0
12,17,4,0
12,17,5,0
12,17,6,0
12,17,7,0
13,0,0,0
13,0,1,0
13,0,2,0
13,0,3,0
13,0,4,0
13,0,5,0
13,0,6,0
13,0,7,0
13,1,0,0
13,1,1,0.857143
13,1,2,0.714286
13,1,3,0.571429
13,1,4,0.428571
13,1,5,0.285714
13,1,6,0.142857
13,1,7,0
13,2,0,0
13,2,1,0.857143
13,2,2,0.714286
13,2,3,0.571429
13,2,4,0.428571
13,2,5,0.285714
13,2,6,0.142857
13,2,7,0
13,3,0,0
13,3,1,0.857143
13,3,2,0.714286
13,3,3,0.571429
13,3,4,0.428571
13,3,5,0.285714
13,3,6,0.142857
13,3,7,0
13,4,0,0
13,4,1,0.857143
13,4,2,0.714286
13,4,3,0.571429
13,4,4,0.428571
13,4,5,0.285714
13,4,6,0.142857
13,4,7,0
13,5,0,0
13,5,1,0.857143
13,5,2,0.714286
13,5,3,0.571429
13,5,4,0.428571
13,5,5,0.285714
13,5,6,0.142857
13,5,7,0
13,6,0,0
13,6,1,0.857143
13,6,2,0.714286
13,6,3,0.571429
13,6,4,0.428571
13,6,5,0.285714
13,6,6,0.142857
13,6,7,0
13,7,0,0
13,7,1,0.857143
13,7,2,0.714286
13,7,3,0.571429
13,7,4,0.428571
13,7,5,0.285714
13,7,6,0.142857
13,7,7,0
13,8,0,0
13,8,1,0.857143
13,8,2,0.714286
13,8,3,0.571429
13,8,4,0.428571
13,8,5,0.285714
13,8,6,0.142857
13,8,7,0
13,9,0,0
13,9,1,0.857143
13,9,2,0.714286
13,9,3,0.571429
13,9,4,0.428571
13,9,5,0.285714
13,9,6,0.142857
13,9,7,0
13,10,0,0
13,10,1,0
13,10,2,0
13,10,3,0
13,10,4,0
13,10,5,0
13,10,6,0
13,10,7,0
13,11,0,0
13,11,1,0
13,11,2,0
13,11,3,0
13,11,4,0
13,11,5,0
13,11,6,0
13,11,7,0
13,12,0,0
13,12,1,0
13,12,2,0
13,12,3,0
13,12,4,0
13,12,5,0
13,12,6,0
13,12,7,0
13,13,0,0
13,13,1,0
13,13,2,0
13,13,3,0
13,13,4,0
13,13,5,0
13,13,6,0
13,13,7,0
13,14,0,0
13,14,1,0
13,14,2,0
13,14,3,0
13,14,4,0
13,14,5,0
13,14,6,0
13,14,7,0
13,15,0,0
13,15,1,0
13,15,2,0
13,15,3,0
13,15,4,0
13,15,5,0
13,15,6,0
13,15,7,0
13,16,0,0
13,16,1,0
13,16,2,0
13,16,3,0
13,16,4,0
13,16,5,0
13,16,6,0
13,16,7,0
13,17,0,0
13,17,1,0
13,17,2,0
13,17,3,0
13,17,4,0
13,17,5,0
13,17,6,0
13,17,7,0
14,0,0,0
14,0,1,0
14,0,2,0
14,0,3,0
14,0,4,0
14,0,5,0
14,0,6,0
14,0,7,0
14,1,0,0
14,1,1,0.857143
14,1,2,0.714286
14,1,3,0.571429
14,1,4,0.428571
14,1,5,0.285714
14,1,6,0.142857
14,1,7,0
14,2,0,0
14,2,1,0.857143
14,2,2,0.714286
14,2,3,0.571429
14,2,4,0.428571
14,2,5,0.285714
14,2,6,0.142857
14,2,7,0
14,3,0,0
14,3,1,0.857143
14,3,2,0.714286
14,3,3,0.571429
14,3,4,0.428571
14,3,5,0.285714
14,3,6,0.142857
14,3,7,0
14,4,0,0
14,4,1,0.857143
14,4,2,0.714286
14,4,3,0.571429
14,4,4,0.428571
14,4,5,0.285714
14,4,6,0.142857
14,4,7,0
14,5,0,0
14,5,1,0.857143
14,5,2,0.714286
14,5,3,0.571429
14,5,4,0.428571
14,5,5,0.285714
14,5,6,0.142857
14,5,7,0
14,6,0,0
14,6,1,0.857143
14,6,2,0.714286
14,6,3,0.571429
14,6,4,0.428571
14,6,5,0.285714
14,6,6,0.142857
14,6,7,0
14,7,0,0
14,7,1,0.857143
14,7,2,0.714286
14,7,3,0.571429
14,7,4,0.428571
14,7,5,0.285714
14,7,6,0.142857
14,7,7,0
14,8,0,0
14,8,1,0.857143
14,8,2,0.714286
14,8,3,0.571429
14,8,4,0.428571
14,8,5,0.285714
14,8,6,0.142857
14,8,7,0
14,9,0,0
14,9,1,0.857143
14,9,2,0.714286
14,9,3,0.571429
14,9,4,0.428571
14,9,5,0.285714
14,9,6,0.142857
14,9,7,0
14,10,0,0
14,10,1,0
14,10,2,0
14,10,3,0
14,10,4,0
14,10,5,0
14,10,6,0
14,10,7,0
14,11,0,0
14,11,1,0
14,11,2,0
14,11,3,0
14,11,4,0
14,11,5,0
14,11,6,0
14,11,7,0
14,12,0,0
14,12,1,0
14,12,2,0
14,12,3,0
14,12,4,0
14,12,5,0
14,12,6,0
14,12,7,0
14,13,0,0
14,13,1,0
14,13,2,0
14,13,3,0
14,13,4,0
14,13,5,0
14,13,6,0
14,13,7,0
14,14,0,0
14,14,1,0
14,14,2,0
14,14,3,0
14,14,4,0
14,14,5,0
14,14,6,0
14,14,7,0
14,15,0,0
14,15,1,0
14,15,2,0
14,15,3,0
14,15,4,0
14,15,5,0
14,15,6,0
14,15,7,0
14,16,0,0
14,16,1,0
14,16,2,0
14,16,3,0
14,16,4,0
14,16,5,0
14,16,6,0
14,16,7,0
14,17,0,0
14,17,1,0
14,17,2,0
14,17,3,0
14,17,4,0
14,17,5,0
14,17,6,0
14,17,7,0
15,0,0,0
15,0,1,0
15,0,2,0
15,0,3,0
15,0,4,0
15,0,5,0
15,0,6,0
15,0,7,0
15,1,0,0
15,1,1,0.857143
15,1,2,0.714286
15,1,3,0.571429
15,1,4,0.428571
15,1,5,0.285714
15,1,6,0.142857
15,1,7,0
15,2,0,0
15,2,1,0.857143
15,2,2,0.714286
15,2,3,0.571429
15,2,4,0.428571
15,2,5,0.285714
15,2,6,0.142857
15,2,7,0
15,3,0,0
15,3,1,0.857143
15,3,2,0.714286
15,3,3,0.571429
15,3,4,0.428571
15,3,5,0.285714
15,3,6,0.142857
15,3,7,0
15,4,0,0
15,4,1,0.857143
15,4,2,0.714286
15,4,3,0.571429
15,4,4,0.428571
15,4,5,0.285714
15,4,6,0.142857
15,4,7,0
15,5,0,0
15,5,1,0.857143
15,5,2,0.714286
15,5,3,0.571429
15,5,4,0.428571
15,5,5,0.285714
15,5,6,0.142857
15,5,7,0
15,6,0,0
15,6,1,0.857143
15,6,2,0.714286
15,6,3,0.571429
15,6,4,0.428571
15,6,5,0.285714
15,6,6,0.142857
15,6,7,0
15,7,0,0
15,7,1,0.857143
15,7,2,0.714286
15,7,3,0.571429
15,7,4,0.428571
15,7,5,0.285714
15,7,6,0.142857
15,7,7,0
15,8,0,0
15,8,1,0.857143
15,8,2,0.714286
15,8,3,0.571429
15,8,4,0.428571
15,8,5,0.285714
15,8,6,0.142857
15,8,7,0
15,9,0,0
15,9,1,0.857143
15,9,2,0.714286
15,9,3,0.571429
15,9,4,0.428571
15,9,5,0.285714
15,9,6,0.142857
15,9,7,0
15,10,0,0
15,10,1,0
15,10,2,0
15,10,3,0
15,10,4,0
15,10,5,0
15,10,6,0
15,10,7,0
15,11,0,0
15,11,1,0
15,11,2,0
15,11,3,0
15,11,4,0
15,11,5,0
15,11,6,0
15,11,7,0
15,12,0,0
15,12,1,0
15,12,2,0
15,12,3,0
15,12,4,0
15,12,5,0
15,12,6,0
15,12,7,0
15,13,0,0
15,13,1,0
15,13,2,0
15,13,3,0
15,13,4,0
15,13,5,0
15,13,6,0
15,13,7,0
15,14,0,0
15,14,1,0
15,14,2,0
15,14,3,0
15,14,4,0
15,14,5,0
15,14,6,0
15,14,7,0
15,15,0,0
15,15,1,0
15,15,2,0
15,15,3,0
15,15,4,0
15,15,5,0
15,15,6,0
15,15,7,0
15,16,0,0
15,16,1,0
15,16,2,0
15,16,3,0
15,16,4,0
15,16,5,0
15,16,6,0
15,16,7,0
15,17,0,0
15,17,1,0
15,17,2,0
15,17,3,0
15,17,4,0
15,17,5,0
15,17,6,0
15,17,7,0
16,0,0,0
16,0,1,0
16,0,2,0
16,0,3,0
16,0,4,0
16,0,5,0
16,0,6,0
16,0,7,0
16,1,0,0
16,1,1,0.857143
16,1,2,0.714286
16,1,3,0.571429
16,1,4,0.428571
16,1,5,0.285714
16,1,6,0.142857
16,1,7,0
16,2,0,0
16,2,1,0.857143
16,2,2,0.714286
16,2,3,0.571429
16,2,4,0.428571
16,2,5,0.285714
16,2,6,0.142857
16,2,7,0
16,3,0,0
16,3,1,0.857143
16,3,2,0.714286
16,3,3,0.571429
16,3,4,0.428571
16,3,5,0.285714
16,3,6,0.142857
16,3,7,0
16,4,0,0
16,4,1,0.857143
16,4,2,0.714286
16,4,3,0.571429
16,4,4,0.428571
16,4,5,0.285714
16,4,6,0.142857
16,4,7,0
16,5,0,0
16,5,1,0.857143
16,5,2,0.714286
16,5,3,0.571429
16,5,4,0.428571
16,5,5,0.285714
16,5,6,0.142857
16,5,7,0
16,6,0,0
16,6,1,0.857143
16,6,2,0.714286
16,6,3,0.571429
16,6,4,0.428571
16,6,5,0.285714
16,6,6,0.142857
16,6,7,0
16,7,0,0
16,7,1,0.857143
16,7,2,0.714286
16,7,3,0.571429
16,7,4,0.428571
16,7,5,0.285714
16,7,6,0.142857
16,7,7,0
16,8,0,0
16,8,1,0.857143
16,8,2,0.714286
16,8,3,0.571429
16,8,4,0.428571
16,8,5,0.285714
16,8,6,0.142857
16,8,7,0
16,9,0,0
16,9,1,0.857143
16,9,2,0.714286
16,9,3,0.571429
16,9,4,0.428571
16,9,5,0.285714
16,9,6,0.142857
16,9,7,0
16,10,0,0
16,10,1,0
16,10,2,0
16,10,3,0
16,10,4,0
16,10,5,0
16,10,6,0
16,10,7,0
16,11,0,0
16,11,1,0
16,11,2,0
16,11,3,0
16,11,4,0
16,11,5,0
16,11,6,0
16,11,7,0
16,12,0,0
16,12,1,0
16,12,2,0
16,12,3,0
16,12,4,0
16,12,5,0
16,12,6,0
16,12,7,0
16,13,0,0
16,13,1,0
16,13,2,0
16,13,3,0
16,13,4,0
16,13,5,0
16,13,6,0
16,13,7,0
16,14,0,0
16,14,1,0
16,14,2,0
16,14,3,0
16,14,4,0
16,14,5,0
16,14,6,0
16,14,7,0
16,15,0,0
16,15,1,0
16,15,2,0
16,15,3,0
16,15,4,0
16,15,5,0
16,15,6,0
16,15,7,0
16,16,0,0
16,16,1,0
16,16,2,0
16,16,3,0
16,16,4,0
16,16,5,0
16,16,6,0
16,16,7,0
16,17,0,0
16,17,1,0
16,17,2,0
16,17,3,0
16,17,4,0
16,17,5,0
16,17,6,0
16,17,7,0
17,0,0,0
17,0,1,0
17,0,2,0
17,0,3,0
17,0,4,0
17,0,5,0
17,0,6,0
17,0,7,0
17,1,0,0
17,1,1,0.857143
17,1,2,0.714286
17,1,3,0.571429
17,1,4,0.428571
17,1,5,0.285714
17,1,6,0.142857
17,1,7,0
17,2,0,0
17,2,1,0.857143
17,2,2,0.714286
17,2,3,0.571429
17,2,4,0.428571
17,2,5,0.285714
17,2,6,0.142857
17,2,7,0
17,3,0,0
17,3,1,0.857143
17,3,2,0.714286
17,3,3,0.571429
17,3,4,0.428571
17,3,5,0.285714
17,3,6,0.142857
17,3,7,0
17,4,0,0
17,4,1,0.857143
17,4,2,0.714286
17,4,3,0.571429
17,4,4,0.428571
17,4,5,0.285714
17,4,6,0.142857
17,4,7,0
17,5,0,0
17,5,1,0.857143
17,5,2,0.714286
17,5,3,0.571429
17,5,4,0.428571
17,5,5,0.285714
17,5,6,0.142857
17,5,7,0
17,6,0,0
17,6,1,0.857143
17,6,2,0.714286
17,6,3,0.571429
17,6,4,0.428571
17,6,5,0.285714
17,6,6,0.142857
17,6,7,0
17,7,0,0
17,7,1,0.857143
17,7,2,0.714286
17,7,3,0.571429
17,7,4,0.428571
17,7,5,0.285714
17,7,6,0.142857
17,7,7,0
17,8,0,0
17,8,1,0.857143
17,8,2,0.714286
17,8,3,0.571429
17,8,4,0.428571
17,8,5,0.285714
17,8,6,0.142857
17,8,7,0
17,9,0,0
17,9,1,0.857143
17,9,2,0.714286
17,9,3,0.571429
17,9,4,0.428571
17,9,5,0.285714
17,9,6,0.142857
17,9,7,0
17,10,0,0
17,10,1,0
17,10,2,0
17,10,3,0
17,10,4,0
17,10,5,0
17,10,6,0
17,10,7,0
17,11,0,0
17,11,1,0
17,11,2,0
17,11,3,0
17,11,4,0
17,11,5,0
17,11,6,0
17,11,7,0
17,12,0,0
17,12,1,0
17,12,2,0
17,12,3,0
17,12,4,0
17,12,5,0
17,12,6,0
17,12,7,0
17,13,0,0
17,13,1,0
17,13,2,0
17,13,3,0
17,13,4,0
17,13,5,0
17,13,6,0
17,13,7,0
17,14,0,0
17,14,1,0
17,14,2,0
17,14,3,0
17,14,4,0
17,14,5,0
17,14,6,0
17,14,7,0
17,15,0,0
17,15,1,0
17,15,2,0
17,15,3,0
17,15,4,0
17,15,5,0
17,15,6,0
17,15,7,0
17,16,0,0
17,16,1,0
17,16,2,0
17,16,3,0
17,16,4,0
17,16,5,0
17,16,6,0
17,16,7,0
17,17,0,0
17,17,1,0
17,17,2,0
17,17,3,0
17,17,4,0
17,17,5,0
17,17,6,0
17,17,7,0
18,0,0,0
18,0,1,0
18,0,2,0
18,0,3,0
18,0,4,0
18,0,5,0
18,0,6,0
18,0,7,0
18,1,0,0
18,1,1,0.857143
18,1,2,0.714286
18,1,3,0.571429
18,1,4,0.428571
18,1,5,0.285714
18,1,6,0.142857
18,1,7,0
18,2,0,0
18,2,1,0.857143
18,2,2,0.714286
18,2,3,0.571429
18,2,4,0.428571
18,2,5,0.285714
18,2,6,0.142857
18,2,7,0
18,3,0,0
18,3,1,0.857143
18,3,2,0.714286
18,3,3,0.571429
18,3,4,0.428571
18,3,5,0.285714
18,3,6,0.142857
18,3,7,0
18,4,0,0
18,4,1,0.857143
18,4,2,0.714286
18,4,3,0.571429
18,4,4,0.428571
18,4,5,0.285714
18,4,6,0.142857
18,4,7,0
18,5,0,0
18,5,1,0.857143
18,5,2,0.714286
18,5,3,0.571429
18,5,4,0.428571
18,5,5,0.285714
18,5,6,0.142857
18,5,7,0
18,6,0,0
18,6,1,0.857143
18,6,2,0.714286
18,6,3,0.571429
18,6,4,0.428571
18,6,5,0.285714
18,6,6,0.142857
18,6,7,0
18,7,0,0
18,7,1,0.857143
18,7,2,0.714286
18,7,3,0.571429
18,7,4,0.428571
18,7,5,0.285714
18,7,6,0.142857
18,7,7,0
18,8,0,0
18,8,1,0.857143
18,8,2,0.714286
18,8,3,0.571429
18,8,4,0.428571
18,8,5,0.285714
18,8,6,0.142857
18,8,7,0
18,9,0,0
18,9,1,0.857143
18,9,2,0.714286
18,9,3,0.571429
18,9,4,0.428571
18,9,5,0.285714
18,9,6,0.142857
18,9,7,0
18,10,0,0
18,10,1,0
18,10,2,0
18,10,3,0
18,10,4,0
18,10,5,0
18,10,6,0
18,10,7,0
18,11,0,0
18,11,1,0
18,11,2,0
18,11,3,0
18,11,4,0
18,11,5,0
18,11,6,0
18,11,7,0
18,12,0,0
18,12,1,0
18,12,2,0
18,12,3,0
18,12,4,0
18,12,5,0
18,12,6,0
18,12,7,0
18,13,0,0
18,13,1,0
18,13,2,0
18,13,3,0
18,13,4,0
18,13,5,0
18,13,6,0
18,13,7,0
18,14,0,0
18,14,1,0
18,14,2,0
18,14,3,0
18,14,4,0
18,14,5,0
18,14,6,0
18,14,7,0
18,15,0,0
18,15,1,0
18,15,2,0
18,15,3,0
18,15,4,0
18,15,5,0
18,15,6,0
18,15,7,0
18,16,0,0
18,16,1,0
18,16,2,0
18,16,3,0
18,16,4,0
18,16,5,0
18,16,6,0
18,16,7,0
18,17,0,0
18,17,1,0
18,17,2,0
18,17,3,0
18,17,4,0
18,17,5,0
18,17,6,0
18,17,7,0
19,0,0,0
19,0,1,0
19,0,2,0
19,0,3,0
19,0,4,0
19,0,5,0
19,0,6,0
19,0,7,0
19,1,0,0
19,1,1,0.857143
19,1,2,0.714286
19,1,3,0.571429
19,1,4,0.428571
19,1,5,0.285714
19,1,6,0.142857
19,1,7,0
19,2,0,0
19,2,1,0.857143
19,2,2,0.714286
19,2,3,0.571429
19,2,4,0.428571
19,2,5,0.285714
19,2,6,0.142857
19,2,7,0
19,3,0,0
19,3,1,0.857143
19,3,2,0.714286
19,3,3,0.571429
19,3,4,0.428571
19,3,5,0.285714
19,3,6,0.142857
19,3,7,0
19,4,0,0
19,4,1,0.857143
19,4,2,0.714286
19,4,3,0.571429
19,4,4,0.428571
19,4,5,0.285714
19,4,6,0.142857
19,4,7,0
19,5,0,0
19,5,1,0.857143
19,5,2,0.714286
19,5,3,0.571429
19,5,4,0.428571
19,5,5,0.285714
19,5,6,0.142857
19,5,7,0
19,6,0,0
19,6,1,0.857143
19,6,2,0.714286
19,6,3,0.571429
19,6,4,0.428571
19,6,5,0.285714
19,6,6,0.142857
19,6,7,0
19,7,0,0
19,7,1,0.857143
19,7,2,0.714286
19,7,3,0.571429
19,7,4,0.428571
19,7,5,0.285714
19,7,6,0.142857
19,7,7,0
19,8,0,0
19,8,1,0.857143
19,8,2,0.714286
19,8,3,0.571429
19,8,4,0.428571
19,8,5,0.285714
19,8,6,0.142857
19,8,7,0
19,9,0,0
19,9,1,0.857143
19,9,2,0.714286
19,9,3,0.571429
19,9,4,0.428571
19,9,5,0.285714
19,9,6,0.142857
19,9,7,0
19,10,0,0
19,10,1,0.857143
19,10,2,0.714286
19,10,3,0.571429
19,10,4,0.428571
19,10,5,0.285714
19,10,6,0.142857
19,10,7,0
19,11,0,0
19,11,1,0.857143
19,11,2,0.714286
19,11,3,0.571429
19,11,4,0.428571
19,11,5,0.285714
19,11,6,0.142857
19,11,7,0
19,12,0,0
19,12,1,0.857143
19,12,2,0.714286
19,12,3,0.571429
19,12,4,0.428571
19,12,5,0.285714
19,12,6,0.142857
19,12,7,0
19,13,0,0
19,13,1,0.857143
19,13,2,0.714286
19,13,3,0.571429
19,13,4,0.428571
19,13,5,0.285714
19,13,6,0.142857
19,13,7,0
19,14,0,0
19,14,1,0.857143
19,14,2,0.714286
19,14,3,0.571429
19,14,4,0.428571
19,14,5,0.285714
19,14,6,0.142857
19,14,7,0
19,15,0,0
19,15,1,0.857143
19,15,2,0.714286
19,15,3,0.571429
19,15,4,0.428571
19,15,5,0.285714
19,15,6,0.142857
19,15,7,0
19,16,0,0
19,16,1,0.857143
19,16,2,0.714286
19,16,3,0.571429
19,16,4,0.428571
19,16,5,0.285714
19,16,6,0.142857
19,16,7,0
19,17,0,0
19,17,1,0
19,17,2,0
19,17,3,0
19,17,4,0
19,17,5,0
19,17,6,0
19,17,7,0
20,0,0,0
20,0,1,0
20,0,2,0
20,0,3,0
20,0,4,0
20,0,5,0
20,0,6,0
20,0,7,0
20,1,0,0
20,1,1,0.857143
20,1,2,0.714286
20,1,3,0.571429
20,1,4,0.428571
20,1,5,0.285714
20,1,6,0.142857
20,1,7,0
20,2,0,0
20,2,1,0.857143
20,2,2,0.714286
20,2,3,0.571429
20,2,4,0.428571
20,2,5,0.285714
20,2,6,0.142857
20,2,7,0
20,3,0,0
20,3,1,0.857143
20,3,2,0.714286
20,3,3,0.571429
20,3,4,0.428571
20,3,5,0.285714
20,3,6,0.142857
20,3,7,0
20,4,0,0
20,4,1,0.857143
20,4,2,0.714286
20,4,3,0.571429
20,4,4,0.428571
20,4,5,0.285714
20,4,6,0.142857
20,4,7,0
20,5,0,0
20,5,1,0.857143
20,5,2,0.714286
20,5,3,0.571429
20,5,4,0.428571
20,5,5,0.285714
20,5,6,0.142857
20,5,7,0
20,6,0,0
20,6,1,0.857143
20,6,2,0.714286
20,6,3,0.571429
20,6,4,0.428571
20,6,5,0.285714
20,6,6,0.142857
20,6,7,0
20,7,0,0
20,7,1,0.857143
20,7,2,0.714286
20,7,3,0.571429
20,7,4,0.428571
20,7,5,0.285714
20,7,6,0.142857
20,7,7,0
20,8,0,0
20,8,1,0.857143
20,8,2,0.714286
20,8,3,0.571429
20,8,4,0.428571
20,8,5,0.285714
20,8,6,0.142857
20,8,7,0
20,9,0,0
20,9,1,0.857143
20,9,2,0.714286
20,9,3,0.571429
20,9,4,0.428571
20,9,5,0.285714
20,9,6,0.142857
20,9,7,0
20,10,0,0
20,10,1,0.857143
20,10,2,0.714286
20,10,3,0.571429
20,10,4,0.428571
20,10,5,0.285714
20,10,6,0.142857
20,10,7,0
20,11,0,0
20,11,1,0.857143
20,11,2,0.714286
20,11,3,0.571429
20,11,4,0.428571
20,11,5,0.285714
20,11,6,0.142857
20,11,7,0
20,12,0,0
20,12,1,0.857143
20,12,2,0.714286
20,12,3,0.571429
20,12,4,0.428571
20,12,5,0.285714
20,12,6,0.142857
20,12,7,0
20,13,0,0
20,13,1,0.857143
20,13,2,0.714286
20,13,3,0.571429
20,13,4,0.428571
20,13,5,0.285714
20,13,6,0.142857
20,13,7,0
20,14,0,0
20,14,1,0.857143
20,14,2,0.714286
20,14,3,0.571429
20,14,4,0.428571
20,14,5,0.285714
20,14,6,0.142857
20,14,7,0
20,15,0,0
20,15,1,0.857143
20,15,2,0.714286
20,15,3,0.571429
20,15,4,0.428571
20,15,5,0.285714
20,15,6,0.142857
20,15,7,0
20,16,0,0
20,16,1,0.857143
20,16,2,0.714286
20,16,3,0.571429
20,16,4,0.428571
20,16,5,0.285714
20,16,6,0.142857
20,16,7,0
20,17,0,0
20,17,1,0
20,17,2,0
20,17,3,0
20,17,4,0
20,17,5,0
20,17,6,0
20,17,7,0
21,0,0,0
21,0,1,0
21,0,2,0
21,0,3,0
21,0,4,0
21,0,5,0
21,0,6,0
21,0,7,0
21,1,0,0
21,1,1,0.857143
21,1,2,0.714286
21,1,3,0.571429
21,1,4,0.428571
21,1,5,0.285714
21,1,6,0.142857
21,1,7,0
21,2,0,0
21,2,1,0.857143
21,2,2,0.714286
21,2,3,0.571429
21,2,4,0.428571
21,2,5,0.285714
21,2,6,0.142857
21,2,7,0
21,3,0,0
21,3,1,0.857143
21,3,2,0.714286
21,3,3,0.571429
21,3,4,0.428571
21,3,5,0.285714
21,3,6,0.142857
21,3,7,0
21,4,0,0
21,4,1,0.857143
21,4,2,0.714286
21,4,3,0.571429
21,4,4,0.428571
21,4,5,0.285714
21,4,6,0.142857
21,4,7,0
21,5,0,0
21,5,1,0.857143
21,5,2,0.714286
21,5,3,0.571429
21,5,4,0.428571
21,5,5,0.285714
21,5,6,0.142857
21,5,7,0
21,6,0,0
21,6,1,0.857143
21,6,2,0.714286
21,6,3,0.571429
21,6,4,0.428571
21,6,5,0.285714
21,6,6,0.142857
21,6,7,0
21,7,0,0
21,7,1,0.857143
21,7,2,0.714286
21,7,3,0.571429
21,7,4,0.428571
21,7,5,0.285714
21,7,6,0.142857
21,7,7,0
21,8,0,0
21,8,1,0.857143
21,8,2,0.714286
21,8,3,0.571429
21,8,4,0.428571
21,8,5,0.285714
21,8,6,0.142857
21,8,7,0
21,9,0,0
21,9,1,0.857143
21,9,2,0.714286
21,9,3,0.571429
21,9,4,0.428571
21,9,5,0.285714
21,9,6,0.142857
21,9,7,0
21,10,0,0
21,10,1,0.857143
21,10,2,0.714286
21,10,3,0.571429
21,10,4,0.428571
21,10,5,0.285714
21,10,6,0.142857
21,10,7,0
21,11,0,0
21,11,1,0.857143
21,11,2,0.714286
21,11,3,0.571429
21,11,4,0.428571
21,11,5,0.285714
21,11,6,0.142857
21,11,7,0
21,12,0,0
21,12,1,0.857143
21,12,2,0.714286
21,12,3,0.571429
21,12,4,0.428571
21,12,5,0.285714
21,12,6,0.142857
21,12,7,0
21,13,0,0
21,13,1,0.857143
21,13,2,0.714286
21,13,3,0.571429
21,13,4,0.428571
21,13,5,0.285714
21,13,6,0.142857
21,13,7,0
21,14,0,0
21,14,1,0.857143
21,14,2,0.714286
21,14,3,0.571429
21,14,4,0.428571
21,14,5,0.285714
21,14,6,0.142857
21,14,7,0
21,15,0,0
21,15,1,0.857143
21,15,2,0.714286
21,15,3,0.571429
21,15,4,0.428571
21,15,5,0.285714
21,15,6,0.142857
21,15,7,0
21,16,0,0
21,16,1,0.857143
21,16,2,0.714286
21,16,3,0.571429
21,16,4,0.428571
21,16,5,0.285714
21,16,6,0.142857
21,16,7,0
21,17,0,0
21,17,1,0
21,17,2,0
21,17,3,0
21,17,4,0
21,17,5,0
21,17,6,0
21,17,7,0
22,0,0,0
22,0,1,0
22,0,2,0
22,0,3,0
22,0,4,0
22,0,5,0
22,0,6,0
22,0,7,0
22,1,0,0
22,1,1,0.857143
22,1,2,0.714286
22,1,3,0.571429
22,1,4,0.428571
22,1,5,0.285714
22,1,6,0.142857
22,1,7,0
22,2,0,0
22,2,1,0.857143
22,2,2,0.714286
22,2,3,0.571429
22,2,4,0.428571
22,2,5,0.285714
22,2,6,0.142857
22,2,7,0
22,3,0,0
22,3,1,0.857143
22,3,2,0.714286
22,3,3,0.571429
22,3,4,0.428571
22,3,5,0.285714
22,3,6,0.142857
22,3,7,0
22,4,0,0
22,4,1,0.857143
22,4,2,0.714286
22,4,3,0.571429
22,4,4,0.428571
22,4,5,0.285714
22,4,6,0.142857
22,4,7,0
22,5,0,0
22,5,1,0.857143
22,5,2,0.714286
22,5,3,0.571429
22,5,4,0.428571
22,5,5,0.285714
22,5,6,0.142857
22,5,7,0
22,6,0,0
22,6,1,0.857143
22,6,2,0.714286
22,6,3,0.571429
22,6,4,0.428571
22,6,5,0.285714
22,6,6,0.142857
22,6,7,0
22,7,0,0
22,7,1,0.857143
22,7,2,0.714286
22,7,3,0.571429
22,7,4,0.428571
22,7,5,0.285714
22,7,6,0.142857
22,7,7,0
22,8,0,0
22,8,1,0.857143
22,8,2,0.714286
22,8,3,0.571429
22,8,4,0.428571
22,8,5,0.285714
22,8,6,0.142857
22,8,7,0
22,9,0,0
22,9,1,0.857143
22,9,2,0.714286
22,9,3,0.571429
22,9,4,0.428571
22,9,5,0.285714
22,9,6,0.142857
22,9,7,0
22,10,0,0
22,10,1,0.857143
22,10,2,0.714286
22,10,3,0.571429
22,10,4,0.428571
22,10,5,0.285714
22,10,6,0.142857
22,10,7,0
22,11,0,0
22,11,1,0.857143
22,11,2,0.714286
22,11,3,0.571429
22,11,4,0.428571
22,11,5,0.285714
22,11,6,0.142857
22,11,7,0
22,12,0,0
22,12,1,0.857143
22,12,2,0.714286
22,12,3,0.571429
22,12,4,0.428571
22,12,5,0.285714
22,12,6,0.142857
22,12,7,0
22,13,0,0
22,13,1,0.857143
22,13,2,0.714286
22,13,3,0.571429
22,13,4,0.428571
22,13,5,0.285714
22,13,6,0.142857
22,13,7,0
22,14,0,0
22,14,1,0.857143
22,14,2,0.714286
22,14,3,0.571429
22,14,4,0.428571
22,14,5,0.285714
22,14,6,0.142857
22,14,7,0
22,15,0,0
22,15,1,0.857143
22,15,2,0.714286
22,15,3,0.571429
22,15,4,0.428571
22,15,5,0.285714
22,15,6,0.142857
22,15,7,0
22,16,0,0
22,16,1,0.857143
22,16,2,0.714286
22,16,3,0.571429
22,16,4,0.428571
22,16,5,0.285714
22,16,6,0.142857
22,16,7,0
22,17,0,0
22,17,1,0
22,17,2,0
22,17,3,0
22,17,4,0
22,17,5,0
22,17,6,0
22,17,7,0
23,0,0,0
23,0,1,0
23,0,2,0
23,0,3,0
23,0,4,0
23,0,5,0
23,0,6,0
23,0,7,0
23,1,0,0
23,1,1,0.857143
23,1,2,0.714286
23,1,3,0.571429
23,1,4,0.428571
23,1,5,0.285714
23,1,6,0.142857
23,1,7,0
23,2,0,0
23,2,1,0.857143
23,2,2,0.714286
23,2,3,0.571429
23,2,4,0.428571
23,2,5,0.285714
23,2,6,0.142857
23,2,7,0
23,3,0,0
23,3,1,0.857143
23,3,2,0.714286
23,3,3,0.571429
23,3,4,0.428571
23,3,5,0.285714
23,3,6,0.142857
23,3,7,0
23,4,0,0
23,4,1,0.857143
23,4,2,0.714286
23,4,3,0.571429
23,4,4,0.428571
23,4,5,0.285714
23,4,6,0.142857
23,4,7,0
23,5,0,0
23,5,1,0.857143
23,5,2,0.714286
23,5,3,0.571429
23,5,4,0.428571
23,5,5,0.285714
23,5,6,0.142857
23,5,7,0
23,6,0,0
23,6,1,0.857143
23,6,2,0.714286
23,6,3,0.571429
23,6,4,0.428571
23,6,5,0.285714
23,6,6,0.142857
23,6,7,0
23,7,0,0
23,7,1,0.857143
23,7,2,0.714286
23,7,3,0.571429
23,7,4,0.428571
23,7,5,0.285714
23,7,6,0.142857
23,7,7,0
23,8,0,0
23,8,1,0.857143
23,8,2,0.714286
23,8,3,0.571429
23,8,4,0.428571
23,8,5,0.285714
23,8,6,0.142857
23,8,7,0
23,9,0,0
23,9,1,0.857143
23,9,2,0.714286
23,9,3,0.571429
23,9,4,0.428571
23,9,5,0.285714
23,9,6,0.142857
23,9,7,0
23,10,0,0
23,10,1,0.857143
23,10,2,0.714286
23,10,3,0.571429
23,10,4,0.428571
23,10,5,0.285714
23,10,6,0.142857
23,10,7,0
23,11,0,0
23,11,1,0.857143
23,11,2,0.714286
23,11,3,0.571429
23,11,4,0.428571
23,11,5,0.285714
23,11,6,0.142857
23,11,7,0
23,12,0,0
23,12,1,0.857143
23,12,2,0.714286
23,12,3,0.571429
23,12,4,0.428571
23,12,5,0.285714
23,12,6,0.142857
23,12,7,0
23,13,0,0
23,13,1,0.857143
23,13,2,0.714286
23,13,3,0.571429
23,13,4,0.428571
23,13,5,0.285714
23,13,6,0.142857
23,13,7,0
23,14,0,0
23,14,1,0.857143
23,14,2,0.714286
23,14,3,0.571429
23,14,4,0.428571
23,14,5,0.285714
23,14,6,0.142857
23,14,7,0
23,15,0,0
23,15,1,0.857143
23,15,2,0.714286
23,15,3,0.571429
23,15,4,0.428571
23,15,5,0.285714
23,15,6,0.142857
23,15,7,0
23,16,0,0
23,16,1,0.857143
23,16,2,0.714286
23,16,3,0.571429
23,16,4,0.428571
23,16,5,0.285714
23,16,6,0.142857
23,16,7,0
23,17,0,0
23,17,1,0
23,17,2,0
23,17,3,0
23,17,4,0
23,17,5,0
23,17,6,0
23,17,7,0
24,0,0,0
24,0,1,0
24,0,2,0
24,0,3,0
24,0,4,0
24,0,5,0
24,0,6,0
24,0,7,0
24,1,0,0
24,1,1,0.857143
24,1,2,0.714286
24,1,3,0.571429
24,1,4,0.428571
24,1,5,0.285714
24,1,6,0.142857
24,1,7,0
24,2,0,0
24,2,1,0.857143
24,2,2,0.714286
24,2,3,0.571429
24,2,4,0.428571
24,2,5,0.285714
24,2,6,0.142857
24,2,7,0
24,3,0,0
24,3,1,0.857143
24,3,2,0.714286
24,3,3,0.571429
24,3,4,0.428571
24,3,5,0.285714
24,3,6,0.142857
24,3,7,0
24,4,0,0
24,4,1,0.857143
24,4,2,0.714286
24,4,3,0.571429
24,4,4,0.428571
24,4,5,0.285714
24,4,6,0.142857
24,4,7,0
24,5,0,0
24,5,1,0.857143
24,5,2,0.714286
24,5,3,0.571429
24,5,4,0.428571
24,5,5,0.285714
24,5,6,0.142857
24,5,7,0
24,6,0,0
24,6,1,0.857143
24,6,2,0.714286
24,6,3,0.571429
24,6,4,0.428571
24,6,5,0.285714
24,6,6,0.142857
24,6,7,0
24,7,0,0
24,7,1,0.857143
24,7,2,0.714286
24,7,3,0.571429
24,7,4,0.428571
24,7,5,0.285714
24,7,6,0.142857
24,7,7,0
24,8,0,0
24,8,1,0.857143
24,8,2,0.714286
24,8,3,0.571429
24,8,4,0.428571
24,8,5,0.285714
24,8,6,0.142857
24,8,7,0
24,9,0,0
24,9,1,0.857143
24,9,2,0.714286
24,9,3,0.571429
24,9,4,0.428571
24,9,5,0.285714
24,9,6,0.142857
24,9,7,0
24,10,0,0
24,10,1,0.857143
24,10,2,0.714286
24,10,3,0.571429
24,10,4,0.428571
24,10,5,0.285714
24,10,6,0.142857
24,10,7,0
24,11,0,0
24,11,1,0.857143
24,11,2,0.714286
24,11,3,0.571429
24,11,4,0.428571
24,11,5,0.285714
24,11,6,0.142857
24,11,7,0
24,12,0,0
24,12,1,0.857143
24,12,2,0.714286
24,12,3,0.571429
24,12,4,0.428571
24,12,5,0.285714
24,12,6,0.142857
24,12,7,0
24,13,0,0
24,13,1,0.857143
24,13,2,0.714286
24,13,3,0.571429
24,13,4,0.428571
24,13,5,0.285714
24,13,6,0.142857
24,13,7,0
24,14,0,0
24,14,1,0.857143
24,14,2,0.714286
24,14,3,0.571429
24,14,4,0.428571
24,14,5,0.285714
24,14,6,0.142857
24,14,7,0
24,15,0,0
24,15,1,0.857143
24,15,2,0.714286
24,15,3,0.571429
24,15,4,0.428571
24,15,5,0.285714
24,15,6,0.142857
24,15,7,0
24,16,0,0
24,16,1,0.857143
24,16,2,0.714286
24,16,3,0.571429
24,16,4,0.428571
24,16,5,0.285714
24,16,6,0.142857
24,16,7,0
24,17,0,0
24,17,1,0
24,17,2,0
24,17,3,0
24,17,4,0
24,17,5,0
24,17,6,0
24,17,7,0
25,0,0,0
25,0,1,0
25,0,2,0
25,0,3,0
25,0,4,0
25,0,5,0
25,0,6,0
25,0,7,0
25,1,0,0
25,1,1,0.857143
25,1,2,0.714286
25,1,3,0.571429
25,1,4,0.428571
25,1,5,0.285714
25,1,6,0.142857
25,1,7,0
25,2,0,0
25,2,1,0.857143
25,2,2,0.714286
25,2,3,0.571429
25,2,4,0.428571
25,2,5,0.285714
25,2,6,0.142857
25,2,7,0
25,3,0,0
25,3,1,0.857143
25,3,2,0.714286
25,3,3,0.571429
25,3,4,0.428571
25,3,5,0.285714
25,3,6,0.142857
25,3,7,0
25,4,0,0
25,4,1,0.857143
25,4,2,0.714286
25,4,3,0.571429
25,4,4,0.428571
25,4,5,0.285714
25,4,6,0.142857
25,4,7,0
25,5,0,0
25,5,1,0.857143
25,5,2,0.714286
25,5,3,0.571429
25,5,4,0.428571
25,5,5,0.285714
25,5,6,0.142857
25,5,7,0
25,6,0,0
25,6,1,0.857143
25,6,2,0.714286
25,6,3,0.571429
25,6,4,0.428571
25,6,5,0.285714
25,6,6,0.142857
25,6,7,0
25,7,0,0
25,7,1,0.857143
25,7,2,0.714286
25,7,3,0.571429
25,7,4,0.428571
25,7,5,0.285714
25,7,6,0.142857
25,7,7,0
25,8,0,0
25,8,1,0.857143
25,8,2,0.714286
25,8,3,0.571429
25,8,4,0.428571
25,8,5,0.285714
25,8,6,0.142857
25,8,7,0
25,9,0,0
25,9,1,0.857143
25,9,2,0.714286
25,9,3,0.571429
25,9,4,0.428571
25,9,5,0.285714
25,9,6,0.142857
25,9,7,0
25,10,0,0
25,10,1,0.857143
25,10,2,0.714286
25,10,3,0.571429
25,10,4,0.428571
25,10,5,0.285714
25,10,6,0.142857
25,10,7,0
25,11,0,0
25,11,1,0.857143
25,11,2,0.714286
25,11,3,0.571429
25,11,4,0.428571
25,11,5,0.285714
25,11,6,0.142857
25,11,7,0
25,12,0,0
25,12,1,0.857143
25,12,2,0.714286
25,12,3,0.571429
25,12,4,0.428571
25,12,5,0.285714
25,12,6,0.142857
25,12,7,0
25,13,0,0
25,13,1,0.857143
25,13,2,0.714286
25,13,3,0.571429
25,13,4,0.428571
25,13,5,0.285714
25,13,6,0.142857
25,13,7,0
25,14,0,0
25,14,1,0.857143
25,14,2,0.714286
25,14,3,0.571429
25,14,4,0.428571
25,14,5,0.285714
25,14,6,0.142857
25,14,7,0
25,15,0,0
25,15,1,0.857143
25,15,2,0.714286
25,15,3,0.571429
25,15,4,0.428571
25,15,5,0.285714
25,15,6,0.142857
25,15,7,0
25,16,0,0
25,16,1,0.857143
25,16,2,0.714286
25,16,3,0.571429
25,16,4,0.428571
25,16,5,0.285714
25,16,6,0.142857
25,16,7,0
25,17,0,0
25,17,1,0
25,17,2,0
25,17,3,0
25,17,4,0
25,17,5,0
25,17,6,0
25,17,7,0
26,0,0,0
26,0,1,0
26,0,2,0
26,0,3,0
26,0,4,0
26,0,5,0
26,0,6,0
26,0,7,0
26,1,0,0
26,1,1,0.857143
26,1,2,0.714286
26,1,3,0.571429
26,1,4,0.428571
26,1,5,0.285714
26,1,6,0.142857
26,1,7,0
26,2,0,0
26,2,1,0.857143
26,2,2,0.714286
26,2,3,0.571429
26,2,4,0.428571
26,2,5,0.285714
26,2,6,0.142857
26,2,7,0
26,3,0,0
26,3,1,0.857143
26,3,2,0.714286
26,3,3,0.571429
26,3,4,0.428571
26,3,5,0.285714
26,3,6,0.142857
26,3,7,0
26,4,0,0
26,4,1,0.857143
26,4,2,0.714286
26,4,3,0.571429
26,4,4,0.428571
26,4,5,0.285714
26,4,6,0.142857
26,4,7,0
26,5,0,0
26,5,1,0.857143
26,5,2,0.714286
26,5,3,0.571429
26,5,4,0.428571
26,5,5,0.285714
26,5,6,0.142857
26,5,7,0
26,6,0,0
26,6,1,0.857143
26,6,2,0.714286
26,6,3,0.571429
26,6,4,0.428571
26,6,5,0.285714
26,6,6,0.142857
26,6,7,0
26,7,0,0
26,7,1,0.857143
26,7,2,0.714286
26,7,3,0.571429
26,7,4,0.428571
26,7,5,0.285714
26,7,6,0.142857
26,7,7,0
26,8,0,0
26,8,1,0.857143
26,8,2,0.714286
26,8,3,0.571429
26,8,4,0.428571
26,8,5,0.285714
26,8,6,0.142857
26,8,7,0
26,9,0,0
26,9,1,0.857143
26,9,2,0.714286
26,9,3,0.571429
26,9,4,0.428571
26,9,5,0.285714
26,9,6,0.142857
26,9,7,0
26,10,0,0
26,10,1,0.857143
26,10,2,0.714286
26,10,3,0.571429
26,10,4,0.428571
26,10,5,0.285714
26,10,6,0.142857
26,10,7,0
26,11,0,0
26,11,1,0.857143
26,11,2,0.714286
26,11,3,0.571429
26,11,4,0.428571
26,11,5,0.285714
26,11,6,0.142857
26,11,7,0
26,12,0,0
26,12,1,0.857143
26,12,2,0.714286
26,12,3,0.571429
26,12,4,0.428571
26,12,5,0.285714
26,12,6,0.142857
26,12,7,0
26,13,0,0
26,13,1,0.857143
26,13,2,0.714286
26,13,3,0.571429
26,13,4,0.428571
26,13,5,0.285714
26,13,6,0.142857
26,13,7,0
26,14,0,0
26,14,1,0.857143
26,14,2,0.714286
26,14,3,0.571429
26,14,4,0.428571
26,14,5,0.285714
26,14,6,0.142857
26,14,7,0
26,15,0,0
26,15,1,0.857143
26,15,2,0.714286
26,15,3,0.571429
26,15,4,0.428571
26,15,5,0.285714
26,15,6,0.142857
26,15,7,0
26,16,0,0
26,16,1,0.857143
26,16,2,0.714286
26,16,3,0.571429
26,16,4,0.428571
26,16,5,0.285714
26,16,6,0.142857
26,16,7,0
26,17,0,0
26,17,1,0
26,17,2,0
26,17,3,0
26,17,4,0
26,17,5,0
26,17,6,0
26,17,7,0
27,0,0,0
27,0,1,0
27,0,2,0
27,0,3,0
27,0,4,0
27,0,5,0
27,0,6,0
27,0,7,0
27,1,0,0
27,1,1,0.857143
27,1,2,0.714286
27,1,3,0.571429
27,1,4,0.428571
27,1,5,0.285714
27,1,6,0.142857
27,1,7,0
27,2,0,0
27,2,1,0.857143
27,2,2,0.714286
27,2,3,0.571429
27,2,4,0.428571
27,2,5,0.285714
27,2,6,0.142857
27,2,7,0
27,3,0,0
27,3,1,0.857143
27,3,2,0.714286
27,3,3,0.571429
27,3,4,0.428571
27,3,5,0.285714
27,3,6,0.142857
27,3,7,0
27,4,0,0
27,4,1,0.857143
27,4,2,0.714286
27,4,3,0.571429
27,4,4,0.428571
27,4,5,0.285714
27,4,6,0.142857
27,4,7,0
27,5,0,0
27,5,1,0.857143
27,5,2,0.714286
27,5,3,0.571429
27,5,4,0.428571
27,5,5,0.285714
27,5,6,0.142857
27,5,7,0
27,6,0,0
27,6,1,0.857143
27,6,2,0.714286
27,6,3,0.571429
27,6,4,0.428571
27,6,5,0.285714
27,6,6,0.142857
27,6,7,0
27,7,0,0
27,7,1,0.857143
27,7,2,0.714286
27,7,3,0.571429
27,7,4,0.428571
27,7,5,0.285714
27,7,6,0.142857
27,7,7,0
27,8,0,0
27,8,1,0.857143
27,8,2,0.714286
27,8,3,0.571429
27,8,4,0.428571
27,8,5,0.285714
27,8,6,0.142857
27,8,7,0
27,9,0,0
27,9,1,0.857143
27,9,2,0.714286
27,9,3,0.571429
27,9,4,0.428571
27,9,5,0.285714
27,9,6,0.142857
27,9,7,0
27,10,0,0
27,10,1,0.857143
27,10,2,0.714286
27,10,3,0.571429
27,10,4,0.428571
27,10,5,0.285714
27,10,6,0.142857
27,10,7,0
27,11,0,0
27,11,1,0.857143
27,11,2,0.714286
27,11,3,0.571429
27,11,4,0.428571
27,11,5,0.285714
27,11,6,0.142857
27,11,7,0
27,12,0,0
27,12,1,0.857143
27,12,2,0.714286
27,12,3,0.571429
27,12,4,0.428571
27,12,5,0.285714
27,12,6,0.142857
27,12,7,0
27,13,0,0
27,13,1,0.857143
27,13,2,0.714286
27,13,3,0.571429
27,13,4,0.428571
27,13,5,0.285714
27,13,6,0.142857
27,13,7,0
27,14,0,0
27,14,1,0.857143
27,14,2,0.714286
27,14,3,0.571429
27,14,4,0.428571
27,14,5,0.285714
27,14,6,0.142857
27,14,7,0
27,15,0,0
27,15,1,0.857143
27,15,2,0.714286
27,15,3,0.571429
27,15,4,0.428571
27,15,5,0.285714
27,15,6,0.142857
27,15,7,0
27,16,0,0
27,16,1,0.857143
27,16,2,0.714286
27,16,3,0.571429
27,16,4,0.428571
27,16,5,0.285714
27,16,6,0.142857
27,16,7,0
27,17,0,0
27,17,1,0
27,17,2,0
27,17,3,0
27,17,4,0
27,17,5,0
27,17,6,0
27,17,7,0
28,0,0,0
28,0,1,0
28,0,2,0
28,0,3,0
28,0,4,0
28,0,5,0
28,0,6,0
28,0,7,0
28,1,0,0
28,1,1,0.857143
28,1,2,0.714286
28,1,3,0.571429
28,1,4,0.428571
28,1,5,0.285714
28,1,6,0.142857
28,1,7,0
28,2,0,0
28,2,1,0.857143
28,2,2,0.714286
28,2,3,0.571429
28,2,4,0.428571
28,2,5,0.285714
28,2,6,0.142857
28,2,7,0
28,3,0,0
28,3,1,0.857143
28,3,2,0.714286
28,3,3,0.571429
28,3,4,0.428571
28,3,5,0.285714
28,3,6,0.142857
28,3,7,0
28,4,0,0
28,4,1,0.857143
28,4,2,0.714286
28,4,3,0.571429
28,4,4,0.428571
28,4,5,0.285714
28,4,6,0.142857
28,4,7,0
28,5,0,0
28,5,1,0.857143
28,5,2,0.714286
28,5,3,0.571429
28,5,4,0.428571
28,5,5,0.285714
28,5,6,0.142857
28,5,7,0
28,6,0,0
28,6,1,0.857143
28,6,2,0.714286
28,6,3,0.571429
28,6,4,0.428571
28,6,5,0.285714
28,6,6,0.142857
28,6,7,0
28,7,0,0
28,7,1,0.857143
28,7,2,0.714286
28,7,3,0.571429
28,7,4,0.428571
28,7,5,0.285714
28,7,6,0.142857
28,7,7,0
28,8,0,0
28,8,1,0.857143
28,8,2,0.714286
28,8,3,0.571429
28,8,4,0.428571
28,8,5,0.285714
28,8,6,0.142857
28,8,7,0
28,9,0,0
28,9,1,0.857143
28,9,2,0.714286
28,9,3,0.571429
28,9,4,0.428571
28,9,5,0.285714
28,9,6,0.142857
28,9,7,0
28,10,0,0
28,10,1,0.857143
28,10,2,0.714286
28,10,3,0.571429
28,10,4,0.428571
28,10,5,0.285714
28,10,6,0.142857
28,10,7,0
28,11,0,0
28,11,1,0.857143
28,11,2,0.714286
28,11,3,0.571429
28,11,4,0.428571
28,11,5,0.285714
28,11,6,0.142857
28,11,7,0
28,12,0,0
28,12,1,0.857143
28,12,2,0.714286
28,12,3,0.571429
28,12,4,0.428571
28,12,5,0.285714
28,12,6,0.142857
28,12,7,0
28,13,0,0
28,13,1,0.857143
28,13,2,0.714286
28,13,3,0.571429
28,13,4,0.428571
28,13,5,0.285714
28,13,6,0.142857
28,13,7,0
28,14,0,0
28,14,1,0.857143
28,14,2,0.714286
28,14,3,0.571429
28,14,4,0.428571
28,14,5,0.285714
28,14,6,0.142857
28,14,7,0
28,15,0,0
28,15,1,0.857143
28,15,2,0.714286
28,15,3,0.571429
28,15,4,0.428571
28,15,5,0.285714
28,15,6,0.142857
28,15,7,0
28,16,0,0
28,16,1,0.857143
28,16,2,0.714286
28,16,3,0.571429
28,16,4,0.428571
28,16,5,0.285714
28,16,6,0.142857
28,16,7,0
28,17,0,0
28,17,1,0
28,17,2,0
28,17,3,0
28,17,4,0
28,17,5,0
28,17,6,0
28,17,7,0
29,0,0,0
29,0,1,0
29,0,2,0
29,0,3,0
29,0,4,0
29,0,5,0
29,0,6,0
29,0,7,0
29,1,0,0
29,1,1,0.857143
29,1,2,0.714286
29,1,3,0.571429
29,1,4,0.428571
29,1,5,0.285714
29,1,6,0.142857
29,1,7,0
29,2,0,0
29,2,1,0.857143
29,2,2,0.714286
29,2,3,0.571429
29,2,4,0.428571
29,2,5,0.285714
29,2,6,0.142857
29,2,7,0
29,3,0,0
29,3,1,0.857143
29,3,2,0.714286
29,3,3,0.571429
29,3,4,0.428571
29,3,5,0.285714
29,3,6,0.142857
29,3,7,0
29,4,0,0
29,4,1,0.857143
29,4,2,0.714286
29,4,3,0.571429
29,4,4,0.428571
29,4,5,0.285714
29,4,6,0.142857
29,4,7,0
29,5,0,0
29,5,1,0.857143
29,5,2,0.714286
29,5,3,0.571429
29,5,4,0.428571
29,5,5,0.285714
29,5,6,0.142857
29,5,7,0
29,6,0,0
29,6,1,0.857143
29,6,2,0.714286
29,6,3,0.571429
29,6,4,0.428571
29,6,5,0.285714
29,6,6,0.142857
29,6,7,0
29,7,0,0
29,7,1,0.857143
29,7,2,0.714286
29,7,3,0.571429
29,7,4,0.428571
29,7,5,0.285714
29,7,6,0.142857
29,7,7,0
29,8,0,0
29,8,1,0.857143
29,8,2,0.714286
29,8,3,0.571429
29,8,4,0.428571
29,8,5,0.285714
29,8,6,0.142857
29,8,7,0
29,9,0,0
29,9,1,0.857143
29,9,2,0.714286
29,9,3,0.571429
29,9,4,0.428571
29,9,5,0.285714
29,9,6,0.142857
29,9,7,0
29,10,0,0
29,10,1,0.857143
29,10,2,0.714286
29,10,3,0.571429
29,10,4,0.428571
29,10,5,0.285714
29,10,6,0.142857
29,10,7,0
29,11,0,0
29,11,1,0.857143
29,11,2,0.714286
29,11,3,0.571429
29,11,4,0.428571
29,11,5,0.285714
29,11,6,0.142857
29,11,7,0
29,12,0,0
29,12,1,0.857143
29,12,2,0.714286
29,12,3,0.571429
29,12,4,0.428571
29,12,5,0.285714
29,12,6,0.142857
29,12,7,0
29,13,0,0
29,13,1,0.857143
29,13,2,0.714286
29,13,3,0.571429
29,13,4,0.428571
29,13,5,0.285714
29,13,6,0.142857
29,13,7,0
29,14,0,0
29,14,1,0.857143
29,14,2,0.714286
29,14,3,0.571429
29,14,4,0.428571
29,14,5,0.285714
29,14,6,0.142857
29,14,7,0
29,15,0,0
29,15,1,0.857143
29,15,2,0.714286
29,15,3,0.571429
29,15,4,0.428571
29,15,5,0.285714
29,15,6,0.142857
29,15,7,0
29,16,0,0
29,16,1,0.857143
29,16,2,0.714286
29,16,3,0.571429
29,16,4,0.428571
29,16,5,0.285714
29,16,6,0.142857
29,16,7,0
29,17,0,0
29,17,1,0
29,17,2,0
29,17,3,0
29,17,4,0
29,17,5,0
29,17,6,0
29,17,7,0
30,0,0,0
30,0,1,0
30,0,2,0
30,0,3,0
30,0,4,0
30,0,5,0
30,0,6,0
30,0,7,0
30,1,0,0
30,1,1,0.857143
30,1,2,0.714286
30,1,3,0.571429
30,1,4,0.428571
30,1,5,0.285714
30,1,6,0.142857
30,1,7,0
30,2,0,0
30,2,1,0.857143
30,2,2,0.714286
30,2,3,0.571429
30,2,4,0.428571
30,2,5,0.285714
30,2,6,0.142857
30,2,7,0
30,3,0,0
30,3,1,0.857143
30,3,2,0.714286
30,3,3,0.571429
30,3,4,0.428571
30,3,5,0.285714
30,3,6,0.142857
30,3,7,0
30,4,0,0
30,4,1,0.857143
30,4,2,0.714286
30,4,3,0.571429
30,4,4,0.428571
30,4,5,0.285714
30,4,6,0.142857
30,4,7,0
30,5,0,0
30,5,1,0.857143
30,5,2,0.714286
30,5,3,0.571429
30,5,4,0.428571
30,5,5,0.285714
30,5,6,0.142857
30,5,7,0
30,6,0,0
30,6,1,0.857143
30,6,2,0.714286
30,6,3,0.571429
30,6,4,0.428571
30,6,5,0.285714
30,6,6,0.142857
30,6,7,0
30,7,0,0
30,7,1,0.857143
30,7,2,0.714286
30,7,3,0.571429
30,7,4,0.428571
30,7,5,0.285714
30,7,6,0.142857
30,7,7,0
30,8,0,0
30,8,1,0.857143
30,8,2,0.714286
30,8,3,0.571429
30,8,4,0.428571
30,8,5,0.285714
30,8,6,0.142857
30,8,7,0
30,9,0,0
30,9,1,0.857143
30,9,2,0.714286
30,9,3,0.571429
30,9,4,0.428571
30,9,5,0.285714
30,9,6,0.142857
30,9,7,0
30,10,0,0
30,10,1,0.857143
30,10,2,0.714286
30,10,3,0.571429
30,10,4,0.428571
30,10,5,0.285714
30,10,6,0.142857
30,10,7,0
30,11,0,0
30,11,1,0.857143
30,11,2,0.714286
30,11,3,0.571429
30,11,4,0.428571
30,11,5,0.285714
30,11,6,0.142857
30,11,7,0
30,12,0,0
30,12,1,0.857143
30,12,2,0.714286
30,12,3,0.571429
30,12,4,0.428571
30,12,5,0.285714
30,12,6,0.142857
30,12,7,0
30,13,0,0
30,13,1,0.857143
30,13,2,0.714286
30,13,3,0.571429
30,13,4,0.428571
30,13,5,0.285714
30,13,6,0.142857
30,13,7,0
30,14,0,0
30,14,1,0.857143
30,14,2,0.714286
30,14,3,0.571429
30,14,4,0.428571
30,14,5,0.285714
30,14,6,0.142857
30,14,7,0
30,15,0,0
30,15,1,0.857143
30,15,2,0.714286
30,15,3,0.571429
30,15,4,0.428571
30,15,5,0.285714
30,15,6,0.142857
30,15,7,0
30,16,0,0
30,16,1,0.857143
30,16,2,0.714286
30,16,3,0.571429
30,16,4,0.428571
30,16,5,0.285714
30,16,6,0.142857
30,16,7,0
30,17,0,0
30,17,1,0
30,17,2,0
30,17,3,0
30,17,4,0
30,17,5,0
30,17,6,0
30,17,7,0
